{"/": {"hand": {"1": {"finger": {"2": {"pos": [569.2462158203125, 284.6067810058594, 89.05068969726562], "velocity": [377.7452697753906, 478.5213928222656, 49.15886688232422], "outstretched": [1]}, "3": {"pos": [628.051025390625, 305.10321044921875, 85.49287414550781], "velocity": [393.112548828125, 468.0316162109375, 45.95466613769531], "outstretched": [1]}, "4": {"pos": [674.2294921875, 345.2908935546875, 76.55224609375], "velocity": [471.7071838378906, 401.14202880859375, 31.953580856323242], "outstretched": [1]}, "0": {"pos": [326.7292785644531, 298.52642822265625, 66.70746612548828], "velocity": [433.138427734375, 467.51202392578125, 45.69688415527344], "outstretched": [1]}, "1": {"pos": [470.3056640625, 272.19403076171875, 87.1121826171875], "velocity": [354.73992919921875, 530.1244506835938, 54.826480865478516], "outstretched": [1]}}, "pinch": [0.0], "finger_count": [5], "pry": [-0.3381210267543793, 27.27727699279785, 5.756762504577637], "sphere": {"pos": [569.2425537109375, 207.33554077148438, 72.9647445678711], "radius": [120.95533752441406]}, "pos": [515.151123046875, 319.30267333984375, 62.230525970458984], "direction": [86.64986419677734, -0.3381210267543793, 5.756762504577637], "grab": [0.0], "confidence": [0.9219294190406799]}}}}