{"/": {"hand": {"1": {"finger": {"2": {"pos": [482.7308044433594, 321.817626953125, 79.02986145019531], "velocity": [400.0345458984375, 494.4538269042969, 51.051883697509766], "outstretched": [1]}, "3": {"pos": [527.1898193359375, 340.03076171875, 74.99826049804688], "velocity": [358.072998046875, 501.37713623046875, 51.3251953125], "outstretched": [1]}, "4": {"pos": [582.5819091796875, 352.9840087890625, 66.83872985839844], "velocity": [365.43231201171875, 508.69329833984375, 52.843360900878906], "outstretched": [1]}, "0": {"pos": [348.98345947265625, 271.4100341796875, 58.7890625], "velocity": [442.24920654296875, 471.74676513671875, 50.098175048828125], "outstretched": [1]}, "1": {"pos": [420.0322570800781, 305.086181640625, 76.82637023925781], "velocity": [431.8588562011719, 482.40411376953125, 51.09968948364258], "outstretched": [1]}}, "pinch": [0.0], "finger_count": [5], "pry": [-2.815509080886841, 24.605064392089844, 2.085596799850464], "sphere": {"pos": [199.61734008789062, 491.4447326660156, 49.61164093017578], "radius": [243.14996337890625]}, "pos": [488.3469543457031, 299.38275146484375, 50.923065185546875], "direction": [36.519344329833984, -2.815509080886841, 2.085596799850464], "grab": [0.0], "confidence": [1.0]}}}}