{"/": {"hand": {"1": {"finger": {"2": {"pos": [728.9998779296875, 375.4297790527344, 74.54877471923828], "velocity": [197.1097412109375, 645.1162719726562, 56.73712921142578], "outstretched": [1]}, "3": {"pos": [793.42431640625, 377.8553466796875, 67.82833862304688], "velocity": [216.8968048095703, 636.00634765625, 56.33108901977539], "outstretched": [1]}, "4": {"pos": [838.0830078125, 383.1551208496094, 54.169944763183594], "velocity": [243.44863891601562, 581.0377197265625, 55.02193832397461], "outstretched": [1]}, "0": {"pos": [443.06671142578125, 369.3199462890625, 54.4632682800293], "velocity": [276.64495849609375, 635.0447998046875, 53.0361213684082], "outstretched": [1]}, "1": {"pos": [610.198974609375, 382.56494140625, 75.11758422851562], "velocity": [218.92257690429688, 633.77880859375, 53.39656066894531], "outstretched": [1]}}, "pinch": [0.0], "finger_count": [5], "pry": [-22.6771297454834, 11.786421775817871, 18.04694366455078], "sphere": {"pos": [668.666015625, 237.89129638671875, 74.47553253173828], "radius": [159.7447509765625]}, "pos": [643.345947265625, 356.8558349609375, 48.01256561279297], "direction": [37.94659423828125, -22.6771297454834, 18.04694366455078], "grab": [0.0], "confidence": [0.7811597585678101]}}}}