{"/": {"hand": {"1": {"finger": {"2": {"pos": [429.2900695800781, 315.4488525390625, 87.21629333496094], "velocity": [354.6098327636719, 464.0420227050781, 53.234134674072266], "outstretched": [1]}, "3": {"pos": [433.6287841796875, 343.107666015625, 85.31791687011719], "velocity": [263.95550537109375, 458.73095703125, 58.982608795166016], "outstretched": [1]}, "4": {"pos": [421.7945861816406, 364.3700866699219, 79.44332122802734], "velocity": [258.06512451171875, 482.5240783691406, 63.90486145019531], "outstretched": [1]}, "0": {"pos": [438.74884033203125, 283.4415283203125, 65.08842468261719], "velocity": [444.0245056152344, 515.756591796875, 47.649662017822266], "outstretched": [1]}, "1": {"pos": [441.0125732421875, 305.965576171875, 84.15370178222656], "velocity": [446.81561279296875, 465.2380065917969, 50.43083953857422], "outstretched": [1]}}, "pinch": [0.0], "finger_count": [5], "pry": [7.026650428771973, 88.28074645996094, 11.457881927490234], "sphere": {"pos": [208.65357971191406, 302.2358703613281, 69.71892547607422], "radius": [123.72676849365234]}, "pos": [414.9731750488281, 335.020751953125, 58.9082145690918], "direction": [121.30437469482422, 7.026650428771973, 11.457881927490234], "grab": [0.0], "confidence": [0.47760120034217834]}}}}