{"/": {"hand": {"1": {"finger": {"2": {"pos": [565.2208251953125, 299.30047607421875, 85.0977554321289], "velocity": [347.8563537597656, 527.5845336914062, 66.42317962646484], "outstretched": [1]}, "3": {"pos": [623.39794921875, 302.90362548828125, 80.83778381347656], "velocity": [432.9379577636719, 345.53253173828125, 44.588783264160156], "outstretched": [1]}, "4": {"pos": [684.9525756835938, 331.02960205078125, 71.86897277832031], "velocity": [443.6757507324219, 269.3275146484375, 34.520591735839844], "outstretched": [1]}, "0": {"pos": [353.32696533203125, 310.80712890625, 65.07923889160156], "velocity": [397.23956298828125, 410.4622802734375, 58.01673889160156], "outstretched": [1]}, "1": {"pos": [485.0715637207031, 296.00628662109375, 83.60417175292969], "velocity": [302.8824768066406, 602.1510009765625, 75.49774169921875], "outstretched": [1]}}, "pinch": [0.0], "finger_count": [5], "pry": [10.470273971557617, 12.808168411254883, 6.966861724853516], "sphere": {"pos": [600.6603393554688, 215.36334228515625, 62.95771789550781], "radius": [125.48062133789062]}, "pos": [511.79864501953125, 336.61083984375, 58.63411331176758], "direction": [146.52598571777344, 10.470273971557617, 6.966861724853516], "grab": [0.0], "confidence": [0.8377333283424377]}}}}