{"/": {"hand": {"1": {"finger": {"2": {"pos": [741.8101806640625, 327.30023193359375, 78.51512908935547], "velocity": [1182.899658203125, 490.89532470703125, 34.173828125], "outstretched": [1]}, "3": {"pos": [749.4361572265625, 348.8916320800781, 76.17085266113281], "velocity": [1198.8009033203125, 499.28973388671875, 32.911537170410156], "outstretched": [1]}, "4": {"pos": [746.7100219726562, 372.2137145996094, 70.14876556396484], "velocity": [1146.450439453125, 498.11614990234375, 32.59083938598633], "outstretched": [1]}, "0": {"pos": [697.0218505859375, 296.9655456542969, 57.47323226928711], "velocity": [1112.0047607421875, 487.8009948730469, 36.8829345703125], "outstretched": [1]}, "1": {"pos": [733.8873291015625, 312.9042053222656, 75.59297180175781], "velocity": [1175.475830078125, 482.3218078613281, 35.0162353515625], "outstretched": [1]}}, "pinch": [0.0], "finger_count": [5], "pry": [7.501997470855713, 74.51424407958984, 14.798097610473633], "sphere": {"pos": [569.520263671875, 336.2586669921875, 62.737701416015625], "radius": [92.34567260742188]}, "pos": [702.7881469726562, 344.88067626953125, 50.366233825683594], "direction": [116.49559020996094, 7.501997470855713, 14.798097610473633], "grab": [0.0], "confidence": [0.9099986553192139]}}}}