{"/": {"hand": {"1": {"finger": {"2": {"pos": [760.2823486328125, 332.0362548828125, 74.1786880493164], "velocity": [504.2948913574219, 594.8467407226562, 47.390907287597656], "outstretched": [1]}, "3": {"pos": [823.50537109375, 330.69427490234375, 67.78015899658203], "velocity": [501.1988830566406, 570.8482666015625, 45.40923309326172], "outstretched": [1]}, "4": {"pos": [865.4617919921875, 349.0457458496094, 55.95812225341797], "velocity": [525.5575561523438, 543.5069580078125, 33.07083511352539], "outstretched": [1]}, "0": {"pos": [483.7386169433594, 333.7597351074219, 55.67009353637695], "velocity": [381.0455627441406, 650.2900390625, 44.781944274902344], "outstretched": [1]}, "1": {"pos": [644.0684814453125, 351.40313720703125, 74.77130889892578], "velocity": [479.0187683105469, 616.9828491210938, 48.15742874145508], "outstretched": [1]}}, "pinch": [0.0], "finger_count": [5], "pry": [-4.866137504577637, 2.586049795150757, 18.788631439208984], "sphere": {"pos": [715.5904541015625, 163.227783203125, 64.63937377929688], "radius": [186.95375061035156]}, "pos": [675.5548095703125, 336.529541015625, 47.214454650878906], "direction": [75.95054626464844, -4.866137504577637, 18.788631439208984], "grab": [0.0], "confidence": [0.7178805470466614]}}}}