{"/": {"hand": {"1": {"finger": {"2": {"pos": [758.9945068359375, 352.6268005371094, 73.67015075683594], "velocity": [272.07562255859375, 651.06396484375, 53.31035614013672], "outstretched": [1]}, "3": {"pos": [821.143310546875, 355.8182678222656, 66.98576354980469], "velocity": [277.1853942871094, 664.6041259765625, 52.751583099365234], "outstretched": [1]}, "4": {"pos": [863.412353515625, 366.9406433105469, 53.55088424682617], "velocity": [287.4154052734375, 597.4312744140625, 49.082183837890625], "outstretched": [1]}, "0": {"pos": [465.9275817871094, 351.0197448730469, 54.44728469848633], "velocity": [295.8860778808594, 599.2091064453125, 46.99681854248047], "outstretched": [1]}, "1": {"pos": [638.5741577148438, 363.72552490234375, 74.67697143554688], "velocity": [286.2338562011719, 579.609130859375, 51.12424087524414], "outstretched": [1]}}, "pinch": [0.0], "finger_count": [5], "pry": [-16.13426971435547, 9.035900115966797, 19.329750061035156], "sphere": {"pos": [698.21875, 200.1097412109375, 71.09332275390625], "radius": [174.28436279296875]}, "pos": [667.3116455078125, 345.8082275390625, 47.09053039550781], "direction": [50.48793029785156, -16.13426971435547, 19.329750061035156], "grab": [0.0], "confidence": [0.7920892238616943]}}}}