{"/": {"hand": {"1": {"finger": {"2": {"pos": [577.3009033203125, 325.63958740234375, 89.26171875], "velocity": [387.1898193359375, 245.00950622558594, 52.34187316894531], "outstretched": [1]}, "3": {"pos": [630.731689453125, 347.9281005859375, 85.80496215820312], "velocity": [403.7435302734375, 266.151123046875, 56.23366165161133], "outstretched": [1]}, "4": {"pos": [668.7606811523438, 392.6120300292969, 77.55961608886719], "velocity": [375.2149963378906, 293.6534118652344, 64.92452239990234], "outstretched": [1]}, "0": {"pos": [325.1511535644531, 329.20281982421875, 67.4748306274414], "velocity": [406.2593994140625, 290.70745849609375, 48.42526626586914], "outstretched": [1]}, "1": {"pos": [483.020751953125, 308.28125, 87.32957458496094], "velocity": [368.8254699707031, 244.0933837890625, 48.11511993408203], "outstretched": [1]}}, "pinch": [0.0], "finger_count": [5], "pry": [4.62151575088501, 31.579090118408203, 8.40107536315918], "sphere": {"pos": [593.609130859375, 252.81578063964844, 70.7054443359375], "radius": [121.83706665039062]}, "pos": [507.45953369140625, 366.575927734375, 63.59663772583008], "direction": [118.69406127929688, 4.62151575088501, 8.40107536315918], "grab": [0.0], "confidence": [0.8383031487464905]}}}}