{"/": {"hand": {"1": {"finger": {"2": {"pos": [645.020263671875, 434.72918701171875, 78.8466796875], "velocity": [80.81610107421875, 556.4212036132812, 83.82386016845703], "outstretched": [1]}, "3": {"pos": [717.67431640625, 431.27044677734375, 72.36625671386719], "velocity": [146.2963104248047, 557.2530517578125, 85.25164794921875], "outstretched": [1]}, "4": {"pos": [774.170654296875, 424.18634033203125, 58.58646011352539], "velocity": [203.4427947998047, 568.5756225585938, 85.83084106445312], "outstretched": [1]}, "0": {"pos": [383.7094421386719, 435.54046630859375, 58.1002197265625], "velocity": [211.7588653564453, 640.9519653320312, 78.8299560546875], "outstretched": [1]}, "1": {"pos": [538.0286865234375, 439.887939453125, 78.68252563476562], "velocity": [109.07110595703125, 524.0850830078125, 80.59476470947266], "outstretched": [1]}}, "pinch": [0.0], "finger_count": [5], "pry": [-23.05621910095215, 7.157436370849609, 18.02458953857422], "sphere": {"pos": [579.00927734375, 284.2130126953125, 80.27909088134766], "radius": [169.80735778808594]}, "pos": [574.6334228515625, 411.8401794433594, 51.80305480957031], "direction": [37.397708892822266, -23.05621910095215, 18.02458953857422], "grab": [0.0], "confidence": [0.34938183426856995]}}}}