{"/": {"hand": {"1": {"finger": {"2": {"pos": [609.8895874023438, 385.561767578125, 83.71488952636719], "velocity": [327.09130859375, 439.9616394042969, 45.4401969909668], "outstretched": [1]}, "3": {"pos": [653.063232421875, 408.71954345703125, 79.82933044433594], "velocity": [295.2552490234375, 545.0317993164062, 45.55154037475586], "outstretched": [1]}, "4": {"pos": [671.1240234375, 444.7484130859375, 71.78033447265625], "velocity": [158.20887756347656, 509.17010498046875, 44.753482818603516], "outstretched": [1]}, "0": {"pos": [361.599609375, 352.62921142578125, 63.28309631347656], "velocity": [382.1656799316406, 293.0596008300781, 52.212276458740234], "outstretched": [1]}, "1": {"pos": [527.7241821289062, 361.12567138671875, 82.74734497070312], "velocity": [330.0604553222656, 371.5384521484375, 47.32572555541992], "outstretched": [1]}}, "pinch": [0.0], "finger_count": [5], "pry": [8.157708168029785, 39.04799270629883, 10.7232666015625], "sphere": {"pos": [676.552001953125, 310.88250732421875, 62.50541687011719], "radius": [129.67425537109375]}, "pos": [503.9386901855469, 413.08929443359375, 59.09247589111328], "direction": [127.12451171875, 8.157708168029785, 10.7232666015625], "grab": [0.0], "confidence": [0.5830618739128113]}}}}