{"/": {"hand": {"1": {"finger": {"2": {"pos": [482.66363525390625, 322.7819519042969, 78.96488952636719], "velocity": [398.3140563964844, 483.77301025390625, 50.382469177246094], "outstretched": [1]}, "3": {"pos": [530.2301025390625, 340.13519287109375, 74.92733764648438], "velocity": [377.7006530761719, 493.6336975097656, 50.2477912902832], "outstretched": [1]}, "4": {"pos": [585.5023193359375, 352.2784423828125, 66.66064453125], "velocity": [376.44970703125, 502.85247802734375, 50.67724609375], "outstretched": [1]}, "0": {"pos": [345.1297302246094, 274.12982177734375, 58.80263137817383], "velocity": [433.5722961425781, 467.4532775878906, 49.843135833740234], "outstretched": [1]}, "1": {"pos": [417.355712890625, 306.87933349609375, 76.77932739257812], "velocity": [425.371337890625, 475.748046875, 50.294193267822266], "outstretched": [1]}}, "pinch": [0.0], "finger_count": [5], "pry": [-3.1899561882019043, 22.683076858520508, 2.180832862854004], "sphere": {"pos": [205.30563354492188, 500.89324951171875, 49.13121032714844], "radius": [248.39930725097656]}, "pos": [486.284912109375, 299.7415771484375, 50.88676452636719], "direction": [34.343994140625, -3.1899561882019043, 2.180832862854004], "grab": [0.0], "confidence": [1.0]}}}}