{"/": {"hand": {"1": {"finger": {"2": {"pos": [541.446044921875, 401.0162658691406, 69.58056640625], "velocity": [427.0188903808594, 462.675048828125, 18.66705322265625], "outstretched": [0]}, "3": {"pos": [557.6975708007812, 420.53204345703125, 65.11255645751953], "velocity": [455.31793212890625, 446.7216491699219, 25.573116302490234], "outstretched": [0]}, "4": {"pos": [555.0734252929688, 430.44061279296875, 59.944122314453125], "velocity": [753.0029296875, 454.9032287597656, 26.117876052856445], "outstretched": [0]}, "0": {"pos": [490.8013000488281, 389.7132568359375, 63.65436935424805], "velocity": [591.0119018554688, 507.2717590332031, 46.97747039794922], "outstretched": [0]}, "1": {"pos": [547.0404052734375, 378.608642578125, 71.6913833618164], "velocity": [483.07586669921875, 483.92230224609375, 27.246795654296875], "outstretched": [0]}}, "pinch": [0.7776057124137878], "finger_count": [0], "pry": [-9.872599601745605, 59.606422424316406, 26.85977554321289], "sphere": {"pos": [535.715087890625, 394.7043762207031, 59.42156982421875], "radius": [44.649627685546875]}, "pos": [565.3064575195312, 375.0039978027344, 50.53987503051758], "direction": [71.03523254394531, -9.872599601745605, 26.85977554321289], "grab": [1.0], "confidence": [0.5475262999534607]}}}}