{"/": {"hand": {"1": {"finger": {"2": {"pos": [246.34434509277344, 313.9154968261719, 84.30841064453125], "velocity": [183.64712524414062, 471.3979797363281, 45.181583404541016], "outstretched": [1]}, "3": {"pos": [260.510009765625, 330.29986572265625, 82.28404235839844], "velocity": [212.19552612304688, 498.7605895996094, 47.011993408203125], "outstretched": [1]}, "4": {"pos": [260.82025146484375, 355.8912353515625, 76.25325775146484], "velocity": [260.78472900390625, 507.46575927734375, 47.59992980957031], "outstretched": [1]}, "0": {"pos": [299.31988525390625, 273.512939453125, 63.3428955078125], "velocity": [242.14300537109375, 498.44696044921875, 48.0433235168457], "outstretched": [1]}, "1": {"pos": [269.6808776855469, 299.6052551269531, 81.72433471679688], "velocity": [187.48907470703125, 498.1842956542969, 46.97975158691406], "outstretched": [1]}}, "pinch": [0.0], "finger_count": [5], "pry": [4.333383560180664, 94.30306243896484, -0.3047255575656891], "sphere": {"pos": [89.95306396484375, 290.0394287109375, 62.275203704833984], "radius": [112.56499481201172]}, "pos": [281.0229797363281, 324.6353759765625, 56.042640686035156], "direction": [-175.9851531982422, 4.333383560180664, -0.3047255575656891], "grab": [0.0], "confidence": [0.797504723072052]}}}}