{"/": {"hand": {"1": {"finger": {"2": {"pos": [563.8683471679688, 426.992431640625, 63.167625427246094], "velocity": [815.413330078125, 606.1480712890625, 139.69146728515625], "outstretched": [0]}, "3": {"pos": [589.5870971679688, 432.10943603515625, 60.524864196777344], "velocity": [775.8448486328125, 594.0316772460938, 138.86277770996094], "outstretched": [0]}, "4": {"pos": [668.8272705078125, 411.3496398925781, 61.642860412597656], "velocity": [1700.530517578125, 199.65859985351562, 180.54827880859375], "outstretched": [0]}, "0": {"pos": [522.4472045898438, 399.18585205078125, 69.06182861328125], "velocity": [582.40966796875, 488.8135681152344, 164.3858642578125], "outstretched": [1]}, "1": {"pos": [546.472900390625, 419.1167907714844, 63.71389389038086], "velocity": [771.3363037109375, 620.5376586914062, 135.6402587890625], "outstretched": [0]}}, "pinch": [0.7075802683830261], "finger_count": [1], "pry": [28.830217361450195, 5.2398905754089355, 30.153078079223633], "sphere": {"pos": [608.8492431640625, 422.10498046875, 63.22899627685547], "radius": [44.2055778503418]}, "pos": [587.8404541015625, 388.12298583984375, 54.38761901855469], "direction": [133.45693969726562, 28.830217361450195, 30.153078079223633], "grab": [1.0], "confidence": [0.28358176350593567]}}}}