{"/": {"hand": {"1": {"finger": {"2": {"pos": [822.0654907226562, 328.054931640625, 75.72327423095703], "velocity": [395.1092529296875, 532.2894287109375, 43.962406158447266], "outstretched": [1]}, "3": {"pos": [847.7763061523438, 347.94110107421875, 71.96212768554688], "velocity": [601.4863891601562, 478.7452087402344, 30.23444938659668], "outstretched": [1]}, "4": {"pos": [861.1032104492188, 367.2041320800781, 64.51805114746094], "velocity": [888.3939208984375, 429.712646484375, 13.25662612915039], "outstretched": [1]}, "0": {"pos": [738.3848266601562, 294.0568542480469, 57.1820068359375], "velocity": [118.47427368164062, 449.80419921875, 63.41693115234375], "outstretched": [1]}, "1": {"pos": [798.5150146484375, 312.5655517578125, 73.94034576416016], "velocity": [229.41671752929688, 514.949462890625, 54.58287048339844], "outstretched": [1]}}, "pinch": [0.0], "finger_count": [5], "pry": [3.251800298690796, 47.215293884277344, 21.190898895263672], "sphere": {"pos": [612.835205078125, 357.130126953125, 63.70652389526367], "radius": [109.52745819091797]}, "pos": [764.0496826171875, 336.138916015625, 47.82501220703125], "direction": [98.3372573852539, 3.251800298690796, 21.190898895263672], "grab": [0.0], "confidence": [0.6426673531532288]}}}}