{"/": {"hand": {"1": {"finger": {"2": {"pos": [496.8062744140625, 334.8917236328125, 81.2945327758789], "velocity": [375.36102294921875, 520.8064575195312, 53.411197662353516], "outstretched": [1]}, "3": {"pos": [508.55133056640625, 352.14202880859375, 78.21104431152344], "velocity": [289.1270751953125, 541.5716552734375, 52.44998550415039], "outstretched": [1]}, "4": {"pos": [516.1748046875, 369.4061584472656, 71.40908813476562], "velocity": [271.578369140625, 544.9866943359375, 52.691314697265625], "outstretched": [1]}, "0": {"pos": [448.4111633300781, 296.27325439453125, 62.408355712890625], "velocity": [410.95233154296875, 521.5731201171875, 52.08033752441406], "outstretched": [0]}, "1": {"pos": [484.7357177734375, 317.2518310546875, 79.0560302734375], "velocity": [403.7731628417969, 550.2615966796875, 52.06485366821289], "outstretched": [1]}}, "pinch": [0.0], "finger_count": [4], "pry": [1.6395117044448853, 61.21123123168945, 11.818263053894043], "sphere": {"pos": [87.62454223632812, 386.42437744140625, 64.10354614257812], "radius": [216.69508361816406]}, "pos": [490.77923583984375, 330.9217529296875, 52.69917297363281], "direction": [97.78921508789062, 1.6395117044448853, 11.818263053894043], "grab": [0.0], "confidence": [0.9827545881271362]}}}}