{"/": {"hand": {"1": {"finger": {"2": {"pos": [427.30255126953125, 317.5146179199219, 86.97186279296875], "velocity": [490.85028076171875, 411.0624084472656, 59.983848571777344], "outstretched": [1]}, "3": {"pos": [442.7655029296875, 345.60174560546875, 84.6304931640625], "velocity": [255.6782684326172, 439.39813232421875, 64.71429443359375], "outstretched": [1]}, "4": {"pos": [431.23333740234375, 365.1533508300781, 78.37890625], "velocity": [298.1153869628906, 447.3956298828125, 68.53752899169922], "outstretched": [1]}, "0": {"pos": [430.34539794921875, 282.06671142578125, 65.35064697265625], "velocity": [629.814697265625, 437.0495910644531, 49.1873664855957], "outstretched": [1]}, "1": {"pos": [434.80718994140625, 308.30279541015625, 84.12495422363281], "velocity": [505.0086669921875, 412.66326904296875, 57.55774688720703], "outstretched": [1]}}, "pinch": [0.0], "finger_count": [5], "pry": [4.627539157867432, 79.24362182617188, 10.408075332641602], "sphere": {"pos": [241.0626983642578, 314.9342956542969, 69.40141296386719], "radius": [107.92273712158203]}, "pos": [417.4454345703125, 331.89154052734375, 58.411128997802734], "direction": [113.78153228759766, 4.627539157867432, 10.408075332641602], "grab": [0.0], "confidence": [0.3873288631439209]}}}}