{"/": {"hand": {"1": {"finger": {"2": {"pos": [527.9641723632812, 424.9300842285156, 58.83692932128906], "velocity": [802.0081176757812, 523.0148315429688, 55.76982879638672], "outstretched": [0]}, "3": {"pos": [555.584228515625, 432.7587585449219, 56.581851959228516], "velocity": [863.1075439453125, 487.1706237792969, 68.8961410522461], "outstretched": [0]}, "4": {"pos": [591.9613647460938, 433.58770751953125, 55.0515251159668], "velocity": [881.506591796875, 427.12591552734375, 71.20161437988281], "outstretched": [0]}, "0": {"pos": [504.9398498535156, 401.10748291015625, 63.17765808105469], "velocity": [675.8028564453125, 529.8289184570312, 73.78252410888672], "outstretched": [0]}, "1": {"pos": [521.4664916992188, 413.9879150390625, 62.43010711669922], "velocity": [690.1329345703125, 540.11376953125, 35.36220169067383], "outstretched": [0]}}, "pinch": [1.0], "finger_count": [0], "pry": [16.934940338134766, 27.089197158813477, 28.404190063476562], "sphere": {"pos": [566.1015625, 426.3652648925781, 58.319740295410156], "radius": [40.18415451049805]}, "pos": [581.6983642578125, 391.05712890625, 49.76116180419922], "direction": [119.3813705444336, 16.934940338134766, 28.404190063476562], "grab": [1.0], "confidence": [0.40489479899406433]}}}}