{"/": {"hand": {"1": {"finger": {"2": {"pos": [501.7685241699219, 392.3063049316406, 58.957611083984375], "velocity": [386.85345458984375, 515.794921875, 50.512489318847656], "outstretched": [0]}, "3": {"pos": [514.219482421875, 402.6846008300781, 53.932838439941406], "velocity": [376.5574645996094, 513.4149780273438, 48.78022766113281], "outstretched": [0]}, "4": {"pos": [546.7061767578125, 409.4545593261719, 51.03971481323242], "velocity": [381.58404541015625, 516.0475463867188, 50.74658966064453], "outstretched": [0]}, "0": {"pos": [493.3779602050781, 375.49603271484375, 59.36964416503906], "velocity": [393.9010009765625, 507.5312194824219, 51.760040283203125], "outstretched": [0]}, "1": {"pos": [522.9077758789062, 377.28875732421875, 64.36598205566406], "velocity": [326.86907958984375, 531.0999145507812, 44.4976921081543], "outstretched": [0]}}, "pinch": [1.0], "finger_count": [0], "pry": [-10.991466522216797, 53.82376480102539, 28.105165481567383], "sphere": {"pos": [519.2429809570312, 399.8827209472656, 53.07501983642578], "radius": [44.39521408081055]}, "pos": [568.0814208984375, 363.51806640625, 46.04969024658203], "direction": [70.01499938964844, -10.991466522216797, 28.105165481567383], "grab": [1.0], "confidence": [0.5581693649291992]}}}}