{"/": {"hand": {"1": {"finger": {"2": {"pos": [497.1897277832031, 338.50885009765625, 78.60331726074219], "velocity": [376.078369140625, 497.2755432128906, 49.793052673339844], "outstretched": [1]}, "3": {"pos": [550.265625, 344.6280822753906, 75.3964614868164], "velocity": [371.06719970703125, 504.68792724609375, 49.57210159301758], "outstretched": [1]}, "4": {"pos": [613.2001953125, 347.7362060546875, 67.72917175292969], "velocity": [373.8755187988281, 513.2427978515625, 49.00010681152344], "outstretched": [1]}, "0": {"pos": [349.78155517578125, 317.60894775390625, 59.03422927856445], "velocity": [385.0948181152344, 473.94964599609375, 49.56922149658203], "outstretched": [1]}, "1": {"pos": [424.6650085449219, 335.143310546875, 76.11028289794922], "velocity": [376.1763916015625, 489.488525390625, 49.83036422729492], "outstretched": [1]}}, "pinch": [0.0], "finger_count": [5], "pry": [-0.25624915957450867, 6.2218804359436035, 1.3303295373916626], "sphere": {"pos": [342.3827209472656, 571.8075561523438, 50.58283996582031], "radius": [266.02655029296875]}, "pos": [490.912841796875, 318.83721923828125, 52.4074821472168], "direction": [79.09900665283203, -0.25624915957450867, 1.3303295373916626], "grab": [0.0], "confidence": [0.9187185764312744]}}}}