{"/": {"hand": {"1": {"finger": {"2": {"pos": [809.6490478515625, 326.92681884765625, 76.42655181884766], "velocity": [926.6279907226562, 528.9362182617188, 36.97260665893555], "outstretched": [1]}, "3": {"pos": [818.2584228515625, 350.38323974609375, 73.748779296875], "velocity": [948.8217163085938, 534.7944946289062, 31.0355167388916], "outstretched": [1]}, "4": {"pos": [814.903564453125, 372.7265625, 67.40574645996094], "velocity": [950.9411010742188, 523.3632202148438, 26.011138916015625], "outstretched": [1]}, "0": {"pos": [749.2530517578125, 296.00823974609375, 56.33054733276367], "velocity": [735.2498779296875, 496.1646423339844, 49.24181365966797], "outstretched": [1]}, "1": {"pos": [797.3215942382812, 312.1623840332031, 73.86483001708984], "velocity": [855.3546142578125, 523.6104736328125, 42.471309661865234], "outstretched": [1]}}, "pinch": [0.0], "finger_count": [5], "pry": [5.230018138885498, 68.6435775756836, 18.17185401916504], "sphere": {"pos": [667.8497314453125, 335.12933349609375, 61.067108154296875], "radius": [76.93594360351562]}, "pos": [755.7843627929688, 341.95794677734375, 48.53276062011719], "direction": [105.58209228515625, 5.230018138885498, 18.17185401916504], "grab": [0.0], "confidence": [0.8380839824676514]}}}}