{"/": {"hand": {"1": {"finger": {"2": {"pos": [765.3037109375, 337.5304260253906, 73.72312927246094], "velocity": [461.03582763671875, 586.6210327148438, 44.5986442565918], "outstretched": [1]}, "3": {"pos": [828.1080322265625, 337.3494567871094, 67.15363311767578], "velocity": [454.93902587890625, 610.205810546875, 41.97607421875], "outstretched": [1]}, "4": {"pos": [869.915283203125, 354.3599853515625, 54.59984588623047], "velocity": [449.8862609863281, 571.039794921875, 31.311717987060547], "outstretched": [1]}, "0": {"pos": [480.0393371582031, 338.576416015625, 55.25044631958008], "velocity": [334.5193176269531, 562.0989379882812, 45.19552230834961], "outstretched": [1]}, "1": {"pos": [646.1484985351562, 356.0341796875, 74.57453155517578], "velocity": [435.87353515625, 562.7509155273438, 48.78407287597656], "outstretched": [1]}}, "pinch": [0.0], "finger_count": [5], "pry": [-8.611595153808594, 4.257386684417725, 19.55348014831543], "sphere": {"pos": [713.7418212890625, 171.00112915039062, 66.70561218261719], "radius": [185.8955535888672]}, "pos": [675.902099609375, 339.77197265625, 46.97038269042969], "direction": [66.90679168701172, -8.611595153808594, 19.55348014831543], "grab": [0.0], "confidence": [0.6836307644844055]}}}}