{"/": {"hand": {"1": {"finger": {"2": {"pos": [549.6014404296875, 422.73883056640625, 59.93836975097656], "velocity": [604.3700561523438, 479.560546875, 61.79110336303711], "outstretched": [0]}, "3": {"pos": [577.0636596679688, 428.5166931152344, 57.44732666015625], "velocity": [582.4867553710938, 472.04937744140625, 56.922969818115234], "outstretched": [0]}, "4": {"pos": [619.3648681640625, 424.0762939453125, 57.27660369873047], "velocity": [727.705078125, 392.399658203125, 80.28681182861328], "outstretched": [0]}, "0": {"pos": [515.7616577148438, 399.082275390625, 64.98107147216797], "velocity": [466.9892883300781, 462.2702331542969, 65.47831726074219], "outstretched": [0]}, "1": {"pos": [533.39111328125, 414.2398986816406, 60.506324768066406], "velocity": [539.9317626953125, 490.60003662109375, 38.975460052490234], "outstretched": [0]}}, "pinch": [0.886272668838501], "finger_count": [0], "pry": [28.81985092163086, 12.971266746520996, 26.859375], "sphere": {"pos": [588.1754760742188, 418.32177734375, 60.083892822265625], "radius": [39.241416931152344]}, "pos": [585.481201171875, 386.748046875, 50.9311637878418], "direction": [137.37193298339844, 28.81985092163086, 26.859375], "grab": [1.0], "confidence": [0.2768915891647339]}}}}