{"/": {"hand": {"1": {"finger": {"2": {"pos": [716.0299072265625, 327.3812255859375, 78.95343780517578], "velocity": [1304.300048828125, 468.1903991699219, 27.365032196044922], "outstretched": [1]}, "3": {"pos": [723.2265625, 348.756591796875, 76.65392303466797], "velocity": [1310.736328125, 481.54754638671875, 27.106163024902344], "outstretched": [1]}, "4": {"pos": [722.1201171875, 372.2368469238281, 70.65045166015625], "velocity": [1274.302978515625, 483.3000183105469, 27.41683006286621], "outstretched": [1]}, "0": {"pos": [672.6921997070312, 297.341552734375, 57.8126220703125], "velocity": [1159.2864990234375, 492.3503112792969, 30.10576057434082], "outstretched": [1]}, "1": {"pos": [708.1913452148438, 313.35943603515625, 76.00332641601562], "velocity": [1271.615966796875, 473.66192626953125, 28.282426834106445], "outstretched": [1]}}, "pinch": [0.0], "finger_count": [5], "pry": [7.858455657958984, 74.291748046875, 14.033244132995605], "sphere": {"pos": [536.4107055664062, 337.37347412109375, 63.03898620605469], "radius": [96.0506820678711]}, "pos": [680.0716552734375, 345.45880126953125, 50.76294708251953], "direction": [118.90804290771484, 7.858455657958984, 14.033244132995605], "grab": [0.0], "confidence": [0.9862144589424133]}}}}