{"/": {"hand": {"1": {"finger": {"2": {"pos": [669.72802734375, 328.41632080078125, 80.1319351196289], "velocity": [1276.1964111328125, 459.0002136230469, 26.712467193603516], "outstretched": [1]}, "3": {"pos": [676.6897583007812, 349.33026123046875, 77.85870361328125], "velocity": [1296.3065185546875, 467.6068115234375, 27.171844482421875], "outstretched": [1]}, "4": {"pos": [677.1909790039062, 372.89385986328125, 71.85430145263672], "velocity": [1254.20947265625, 471.8421630859375, 28.100208282470703], "outstretched": [1]}, "0": {"pos": [633.8301391601562, 297.3866271972656, 58.81121063232422], "velocity": [1197.669677734375, 488.2762451171875, 26.93657875061035], "outstretched": [1]}, "1": {"pos": [663.55078125, 314.32281494140625, 77.13418579101562], "velocity": [1266.512939453125, 456.9956970214844, 26.606590270996094], "outstretched": [1]}}, "pinch": [0.0], "finger_count": [5], "pry": [7.584496021270752, 75.34078979492188, 11.711512565612793], "sphere": {"pos": [490.7724304199219, 338.05487060546875, 63.325469970703125], "radius": [97.88945770263672]}, "pos": [642.90234375, 345.79632568359375, 51.76200866699219], "direction": [122.7135238647461, 7.584496021270752, 11.711512565612793], "grab": [0.0], "confidence": [0.9770718216896057]}}}}