{"/": {"hand": {"1": {"finger": {"2": {"pos": [586.594482421875, 402.56396484375, 87.52865600585938], "velocity": [305.29327392578125, 292.9267883300781, 67.30825805664062], "outstretched": [1]}, "3": {"pos": [651.9205322265625, 415.5279541015625, 82.30569458007812], "velocity": [276.51959228515625, 305.0462646484375, 70.6712875366211], "outstretched": [1]}, "4": {"pos": [713.037841796875, 440.3620300292969, 69.4941177368164], "velocity": [212.08837890625, 435.906494140625, 83.41371154785156], "outstretched": [1]}, "0": {"pos": [334.38739013671875, 410.67108154296875, 66.81953430175781], "velocity": [254.315185546875, 316.68817138671875, 71.13220977783203], "outstretched": [1]}, "1": {"pos": [488.05853271484375, 390.6137390136719, 86.6220703125], "velocity": [364.2465515136719, 244.9544677734375, 64.00626373291016], "outstretched": [1]}}, "pinch": [0.0], "finger_count": [5], "pry": [-1.3938626050949097, 18.294584274291992, 13.156271934509277], "sphere": {"pos": [593.186279296875, 268.7142028808594, 72.12264251708984], "radius": [158.18487548828125]}, "pos": [523.165283203125, 417.0480041503906, 60.123504638671875], "direction": [84.05699920654297, -1.3938626050949097, 13.156271934509277], "grab": [0.0], "confidence": [0.8326624631881714]}}}}