{"/": {"hand": {"1": {"finger": {"2": {"pos": [495.6953125, 336.5672302246094, 78.73248291015625], "velocity": [417.67205810546875, 508.4020690917969, 49.63296890258789], "outstretched": [1]}, "3": {"pos": [550.4629516601562, 340.63739013671875, 75.68194580078125], "velocity": [417.3973083496094, 507.44500732421875, 49.70293045043945], "outstretched": [1]}, "4": {"pos": [612.419189453125, 344.3598937988281, 68.00743103027344], "velocity": [420.31292724609375, 502.2265319824219, 50.1135139465332], "outstretched": [1]}, "0": {"pos": [348.4549255371094, 318.17864990234375, 59.08073425292969], "velocity": [411.92626953125, 513.005859375, 49.423274993896484], "outstretched": [1]}, "1": {"pos": [423.7748718261719, 334.49041748046875, 76.17745971679688], "velocity": [415.9315490722656, 512.1016235351562, 49.38290023803711], "outstretched": [1]}}, "pinch": [0.0], "finger_count": [5], "pry": [-0.37717339396476746, 5.976006984710693, 1.4990125894546509], "sphere": {"pos": [348.4034118652344, 600.4476318359375, 49.878021240234375], "radius": [293.1794738769531]}, "pos": [489.4659423828125, 318.741943359375, 52.40593338012695], "direction": [75.87962341308594, -0.37717339396476746, 1.4990125894546509], "grab": [0.0], "confidence": [0.9258574843406677]}}}}