{"/": {"hand": {"1": {"finger": {"2": {"pos": [497.986083984375, 337.8529052734375, 78.64826202392578], "velocity": [415.739501953125, 505.57763671875, 49.8641357421875], "outstretched": [1]}, "3": {"pos": [552.2551879882812, 342.3992919921875, 75.5538558959961], "velocity": [411.9328918457031, 511.2928771972656, 49.281036376953125], "outstretched": [1]}, "4": {"pos": [614.5949096679688, 345.3446044921875, 67.92083740234375], "velocity": [414.251708984375, 507.0027770996094, 49.329872131347656], "outstretched": [1]}, "0": {"pos": [350.2605285644531, 319.1820068359375, 59.0390625], "velocity": [411.8977355957031, 503.5671691894531, 50.23308563232422], "outstretched": [1]}, "1": {"pos": [425.781982421875, 335.55450439453125, 76.11470794677734], "velocity": [412.9752502441406, 504.8874816894531, 50.01565933227539], "outstretched": [1]}}, "pinch": [0.0], "finger_count": [5], "pry": [-0.15900278091430664, 5.737242221832275, 1.4510788917541504], "sphere": {"pos": [352.6993408203125, 592.8587036132812, 50.06645584106445], "radius": [284.779052734375]}, "pos": [491.40985107421875, 319.25347900390625, 52.382164001464844], "direction": [83.74803161621094, -0.15900278091430664, 1.4510788917541504], "grab": [0.0], "confidence": [0.9251041412353516]}}}}