{"/": {"hand": {"1": {"finger": {"2": {"pos": [494.9376220703125, 336.12750244140625, 78.75674438476562], "velocity": [439.080322265625, 511.528564453125, 50.21202850341797], "outstretched": [1]}, "3": {"pos": [549.7900390625, 340.3009033203125, 75.69599914550781], "velocity": [437.9962463378906, 506.75335693359375, 50.380027770996094], "outstretched": [1]}, "4": {"pos": [611.5967407226562, 344.24041748046875, 67.99982452392578], "velocity": [439.9886779785156, 502.4991149902344, 50.50082778930664], "outstretched": [1]}, "0": {"pos": [347.9457702636719, 317.45355224609375, 59.11747741699219], "velocity": [427.87213134765625, 523.7933959960938, 50.59235382080078], "outstretched": [1]}, "1": {"pos": [423.1001281738281, 333.8663330078125, 76.21487426757812], "velocity": [436.8065490722656, 517.07275390625, 50.10725021362305], "outstretched": [1]}}, "pinch": [0.0], "finger_count": [5], "pry": [-0.5582082867622375, 6.136071681976318, 1.5526117086410522], "sphere": {"pos": [344.6309814453125, 600.9484252929688, 49.7779541015625], "radius": [294.49200439453125]}, "pos": [488.7512512207031, 318.3796691894531, 52.41866683959961], "direction": [70.22891998291016, -0.5582082867622375, 1.5526117086410522], "grab": [0.0], "confidence": [0.9233580231666565]}}}}