{"/": {"hand": {"1": {"finger": {"2": {"pos": [446.2843933105469, 325.64117431640625, 85.14850616455078], "velocity": [244.71975708007812, 503.0974426269531, 64.08818817138672], "outstretched": [1]}, "3": {"pos": [461.79522705078125, 350.9270324707031, 82.59481048583984], "velocity": [396.704833984375, 514.9005737304688, 65.01512145996094], "outstretched": [1]}, "4": {"pos": [453.03863525390625, 370.3924255371094, 76.2059555053711], "velocity": [294.8066101074219, 512.6981201171875, 65.29424285888672], "outstretched": [1]}, "0": {"pos": [409.9499816894531, 298.320556640625, 65.11763000488281], "velocity": [198.2739715576172, 542.5010375976562, 65.22836303710938], "outstretched": [0]}, "1": {"pos": [448.3815612792969, 315.8106689453125, 82.39097595214844], "velocity": [312.6800842285156, 506.09674072265625, 63.29859161376953], "outstretched": [1]}}, "pinch": [0.0], "finger_count": [4], "pry": [4.476088047027588, 72.66294860839844, 11.260119438171387], "sphere": {"pos": [109.85821533203125, 352.3025207519531, 68.68162536621094], "radius": [175.29185485839844]}, "pos": [435.3546142578125, 337.8428955078125, 56.54571533203125], "direction": [111.46405792236328, 4.476088047027588, 11.260119438171387], "grab": [0.0], "confidence": [0.5929355025291443]}}}}