{"/": {"hand": {"1": {"finger": {"2": {"pos": [349.75732421875, 308.57763671875, 86.20669555664062], "velocity": [125.0833740234375, 528.277099609375, 42.67446517944336], "outstretched": [1]}, "3": {"pos": [357.40576171875, 330.9852294921875, 84.37255859375], "velocity": [120.34848022460938, 495.8652038574219, 40.23773193359375], "outstretched": [1]}, "4": {"pos": [346.4425964355469, 354.960693359375, 78.65260314941406], "velocity": [120.03643798828125, 503.8006591796875, 39.192657470703125], "outstretched": [1]}, "0": {"pos": [387.236328125, 277.5784912109375, 64.13587188720703], "velocity": [166.4938507080078, 491.8148498535156, 44.046653747558594], "outstretched": [1]}, "1": {"pos": [377.0630798339844, 299.3375549316406, 83.18971252441406], "velocity": [131.20535278320312, 507.8639221191406, 42.808712005615234], "outstretched": [1]}}, "pinch": [0.0], "finger_count": [5], "pry": [6.2072930335998535, 100.3730239868164, 9.866626739501953], "sphere": {"pos": [140.03439331054688, 270.9829406738281, 67.1639404296875], "radius": [131.4550018310547]}, "pos": [348.73358154296875, 328.0112609863281, 57.95509719848633], "direction": [122.01927185058594, 6.2072930335998535, 9.866626739501953], "grab": [0.0], "confidence": [0.7696710824966431]}}}}