{"/": {"hand": {"1": {"finger": {"2": {"pos": [571.5968017578125, 296.5252685546875, 88.48329162597656], "velocity": [432.61761474609375, 640.4912109375, 41.108299255371094], "outstretched": [1]}, "3": {"pos": [633.7100830078125, 313.5191650390625, 84.0319595336914], "velocity": [465.752685546875, 592.8870849609375, 32.01777267456055], "outstretched": [1]}, "4": {"pos": [684.522216796875, 343.759765625, 73.39659881591797], "velocity": [506.2831726074219, 498.4513244628906, 17.582923889160156], "outstretched": [1]}, "0": {"pos": [332.53582763671875, 301.549560546875, 66.1612777709961], "velocity": [468.566162109375, 547.1806640625, 42.71162796020508], "outstretched": [1]}, "1": {"pos": [473.1317138671875, 288.1575927734375, 87.20806884765625], "velocity": [449.3515930175781, 677.8814086914062, 46.31092071533203], "outstretched": [1]}}, "pinch": [0.0], "finger_count": [5], "pry": [-9.476103782653809, 24.184791564941406, 7.001755237579346], "sphere": {"pos": [565.0503540039062, 207.25347900390625, 75.91014099121094], "radius": [122.60542297363281]}, "pos": [521.5982055664062, 312.91632080078125, 60.49814224243164], "direction": [36.34572219848633, -9.476103782653809, 7.001755237579346], "grab": [0.0], "confidence": [0.9547178745269775]}}}}