{"/": {"hand": {"1": {"finger": {"2": {"pos": [493.183837890625, 337.046630859375, 78.27610778808594], "velocity": [376.6734924316406, 476.6018371582031, 37.272727966308594], "outstretched": [1]}, "3": {"pos": [543.7931518554688, 344.52716064453125, 74.87164306640625], "velocity": [324.05169677734375, 485.98944091796875, 36.432701110839844], "outstretched": [1]}, "4": {"pos": [606.9855346679688, 348.171875, 66.99577331542969], "velocity": [295.309814453125, 486.61376953125, 38.276100158691406], "outstretched": [1]}, "0": {"pos": [344.8909606933594, 310.47308349609375, 58.76004409790039], "velocity": [430.29815673828125, 446.1957702636719, 48.81999969482422], "outstretched": [1]}, "1": {"pos": [419.3167419433594, 331.18023681640625, 75.85743713378906], "velocity": [410.1424865722656, 465.81402587890625, 39.43885040283203], "outstretched": [1]}}, "pinch": [0.0], "finger_count": [5], "pry": [-1.0083582401275635, 8.506415367126465, 1.9066826105117798], "sphere": {"pos": [319.39276123046875, 554.00244140625, 49.00008773803711], "radius": [256.2069091796875]}, "pos": [486.0472106933594, 314.00146484375, 51.19271469116211], "direction": [62.13395309448242, -1.0083582401275635, 1.9066826105117798], "grab": [0.0], "confidence": [0.9546918869018555]}}}}