{"/": {"hand": {"1": {"finger": {"2": {"pos": [389.2984313964844, 325.7768249511719, 85.24916076660156], "velocity": [1346.3955078125, 480.116455078125, 51.62944030761719], "outstretched": [1]}, "3": {"pos": [401.14764404296875, 342.9111328125, 82.97183227539062], "velocity": [1212.720458984375, 470.7829895019531, 52.15095138549805], "outstretched": [1]}, "4": {"pos": [412.88128662109375, 367.54248046875, 76.928466796875], "velocity": [1175.3955078125, 512.701904296875, 58.084312438964844], "outstretched": [1]}, "0": {"pos": [382.0365905761719, 286.36981201171875, 63.895755767822266], "velocity": [936.4164428710938, 572.3663330078125, 35.93362045288086], "outstretched": [1]}, "1": {"pos": [389.0939636230469, 312.158203125, 82.31515502929688], "velocity": [1217.630126953125, 465.593994140625, 44.87017822265625], "outstretched": [1]}}, "pinch": [0.0], "finger_count": [5], "pry": [5.412022590637207, 73.97916412353516, 1.3897311687469482], "sphere": {"pos": [328.96978759765625, 343.92230224609375, 65.9668197631836], "radius": [64.08848571777344]}, "pos": [403.98858642578125, 336.9171142578125, 56.61611557006836], "direction": [165.63677978515625, 5.412022590637207, 1.3897311687469482], "grab": [0.0], "confidence": [0.6328309178352356]}}}}