{"/": {"hand": {"1": {"finger": {"2": {"pos": [657.5774536132812, 433.920654296875, 77.3655776977539], "velocity": [204.20150756835938, 576.8580932617188, 64.31277465820312], "outstretched": [1]}, "3": {"pos": [728.7654418945312, 429.34051513671875, 70.8760986328125], "velocity": [317.31939697265625, 486.2846984863281, 70.10597229003906], "outstretched": [1]}, "4": {"pos": [783.296630859375, 420.80120849609375, 57.1185417175293], "velocity": [392.9720153808594, 428.80120849609375, 74.91635131835938], "outstretched": [1]}, "0": {"pos": [392.281005859375, 429.55731201171875, 56.797237396240234], "velocity": [384.9207763671875, 614.7548217773438, 53.56477355957031], "outstretched": [1]}, "1": {"pos": [549.7752685546875, 439.6490173339844, 77.26727294921875], "velocity": [292.471923828125, 538.487060546875, 58.152496337890625], "outstretched": [1]}}, "pinch": [0.0], "finger_count": [5], "pry": [-27.22153663635254, 8.559197425842285, 18.8137149810791], "sphere": {"pos": [590.402099609375, 291.6046142578125, 80.55715942382812], "radius": [163.07205200195312]}, "pos": [583.737548828125, 404.694091796875, 50.869300842285156], "direction": [33.51683044433594, -27.22153663635254, 18.8137149810791], "grab": [0.0], "confidence": [0.2603057026863098]}}}}