{"/": {"hand": {"1": {"finger": {"2": {"pos": [598.2096557617188, 423.74591064453125, 85.78628540039062], "velocity": [126.95159912109375, 320.08221435546875, 86.6644058227539], "outstretched": [1]}, "3": {"pos": [668.621826171875, 434.3948059082031, 79.97264099121094], "velocity": [71.3194580078125, 419.8475341796875, 92.85121154785156], "outstretched": [1]}, "4": {"pos": [731.3499145507812, 446.4454040527344, 66.3902587890625], "velocity": [95.49447631835938, 572.4415283203125, 92.1907958984375], "outstretched": [1]}, "0": {"pos": [349.1248779296875, 425.914794921875, 64.4916763305664], "velocity": [142.52874755859375, 373.3211364746094, 87.99729919433594], "outstretched": [1]}, "1": {"pos": [493.15447998046875, 417.70355224609375, 85.14215087890625], "velocity": [180.01852416992188, 247.08285522460938, 84.31019592285156], "outstretched": [1]}}, "pinch": [0.0], "finger_count": [5], "pry": [-11.50275707244873, 14.260961532592773, 12.717652320861816], "sphere": {"pos": [595.6412353515625, 284.0197448730469, 77.00647735595703], "radius": [160.00047302246094]}, "pos": [541.6879272460938, 422.26568603515625, 57.61057662963867], "direction": [47.95851516723633, -11.50275707244873, 12.717652320861816], "grab": [0.0], "confidence": [0.6621663570404053]}}}}