{"/": {"hand": {"1": {"finger": {"2": {"pos": [758.744384765625, 330.4750671386719, 74.23860168457031], "velocity": [523.4313354492188, 595.1972045898438, 47.69773483276367], "outstretched": [1]}, "3": {"pos": [821.9921264648438, 329.5856628417969, 67.8492431640625], "velocity": [520.1873779296875, 573.8558959960938, 44.23204803466797], "outstretched": [1]}, "4": {"pos": [863.1528930664062, 348.7117919921875, 56.249542236328125], "velocity": [520.5062255859375, 576.3509521484375, 32.531394958496094], "outstretched": [1]}, "0": {"pos": [484.0585632324219, 331.52490234375, 55.8446044921875], "velocity": [370.28729248046875, 665.4444580078125, 48.96931457519531], "outstretched": [1]}, "1": {"pos": [643.1767578125, 349.69476318359375, 74.85491943359375], "velocity": [488.103271484375, 644.3685302734375, 49.96708679199219], "outstretched": [1]}}, "pinch": [0.0], "finger_count": [5], "pry": [-3.6826059818267822, 2.7849602699279785, 18.75252342224121], "sphere": {"pos": [718.87109375, 165.52978515625, 63.60791015625], "radius": [183.36764526367188]}, "pos": [674.42333984375, 336.1465148925781, 47.27378845214844], "direction": [79.26538848876953, -3.6826059818267822, 18.75252342224121], "grab": [0.0], "confidence": [0.7131592035293579]}}}}