{"/": {"hand": {"1": {"finger": {"2": {"pos": [535.80078125, 387.9477844238281, 60.02533721923828], "velocity": [282.86297607421875, 475.78125, 36.125274658203125], "outstretched": [0]}, "3": {"pos": [541.0048828125, 401.4644775390625, 55.24164581298828], "velocity": [234.8552703857422, 441.9316711425781, 23.095937728881836], "outstretched": [0]}, "4": {"pos": [565.374755859375, 408.1803894042969, 51.318355560302734], "velocity": [325.3303527832031, 449.83734130859375, 32.00105667114258], "outstretched": [0]}, "0": {"pos": [511.95758056640625, 381.4586181640625, 57.991973876953125], "velocity": [305.02520751953125, 387.1888427734375, 43.59868240356445], "outstretched": [0]}, "1": {"pos": [547.0398559570312, 371.6033935546875, 64.732666015625], "velocity": [323.0442810058594, 453.9038391113281, 33.290122985839844], "outstretched": [0]}}, "pinch": [1.0], "finger_count": [0], "pry": [-11.932694435119629, 54.289772033691406, 30.454954147338867], "sphere": {"pos": [529.6874389648438, 378.61749267578125, 54.28058624267578], "radius": [42.256622314453125]}, "pos": [573.27783203125, 360.13787841796875, 45.0838508605957], "direction": [70.2309799194336, -11.932694435119629, 30.454954147338867], "grab": [1.0], "confidence": [0.6462894678115845]}}}}