{"/": {"hand": {"1": {"finger": {"2": {"pos": [616.9342651367188, 384.0178527832031, 83.3928451538086], "velocity": [409.8206481933594, 532.3411865234375, 55.894832611083984], "outstretched": [1]}, "3": {"pos": [622.94189453125, 421.8177185058594, 80.44966125488281], "velocity": [372.4696044921875, 544.7056274414062, 51.67094039916992], "outstretched": [1]}, "4": {"pos": [569.7766723632812, 463.699462890625, 74.01506042480469], "velocity": [64.2303466796875, 519.2366943359375, 61.184181213378906], "outstretched": [1]}, "0": {"pos": [367.7960205078125, 330.8482666015625, 65.39726257324219], "velocity": [464.4361877441406, 640.086181640625, 73.69025421142578], "outstretched": [1]}, "1": {"pos": [563.2679443359375, 338.57080078125, 81.78975677490234], "velocity": [555.6600341796875, 502.2588806152344, 50.54603958129883], "outstretched": [1]}}, "pinch": [0.0], "finger_count": [5], "pry": [4.236425399780273, 70.47561645507812, 12.348992347717285], "sphere": {"pos": [656.8079833984375, 357.38861083984375, 66.54216766357422], "radius": [95.6194076538086]}, "pos": [496.6887512207031, 389.4974365234375, 58.839298248291016], "direction": [108.69306182861328, 4.236425399780273, 12.348992347717285], "grab": [0.0], "confidence": [0.4586247503757477]}}}}