{"/": {"hand": {"1": {"finger": {"2": {"pos": [534.00830078125, 402.4571533203125, 72.43224334716797], "velocity": [48.4051513671875, 524.1392211914062, -12.312843322753906], "outstretched": [0]}, "3": {"pos": [551.38330078125, 423.4583435058594, 67.49109649658203], "velocity": [429.7422790527344, 493.85076904296875, 7.387321472167969], "outstretched": [0]}, "4": {"pos": [521.75439453125, 432.2861328125, 61.517799377441406], "velocity": [757.1710205078125, 536.4432373046875, 29.305742263793945], "outstretched": [0]}, "0": {"pos": [470.48834228515625, 387.56396484375, 63.80086135864258], "velocity": [574.772705078125, 566.45703125, 44.64740753173828], "outstretched": [0]}, "1": {"pos": [558.2239990234375, 374.5320739746094, 75.46051025390625], "velocity": [34.854644775390625, 642.7293701171875, 7.4983062744140625], "outstretched": [1]}}, "pinch": [0.4479627013206482], "finger_count": [1], "pry": [-11.020927429199219, 62.589317321777344, 21.833486557006836], "sphere": {"pos": [527.90869140625, 391.5021667480469, 60.33404541015625], "radius": [46.825191497802734]}, "pos": [554.7275390625, 374.275634765625, 51.564605712890625], "direction": [64.07518768310547, -11.020927429199219, 21.833486557006836], "grab": [0.6565440893173218], "confidence": [0.6363038420677185]}}}}