{"/": {"hand": {"1": {"finger": {"2": {"pos": [577.6619873046875, 356.53448486328125, 88.65370178222656], "velocity": [401.07000732421875, 272.74859619140625, 54.75914001464844], "outstretched": [1]}, "3": {"pos": [630.7801513671875, 375.0154724121094, 84.55049133300781], "velocity": [388.7938537597656, 301.00164794921875, 59.354888916015625], "outstretched": [1]}, "4": {"pos": [672.8736572265625, 415.66351318359375, 75.2358627319336], "velocity": [338.5121765136719, 370.03497314453125, 71.34303283691406], "outstretched": [1]}, "0": {"pos": [321.4273376464844, 357.42633056640625, 67.67337036132812], "velocity": [411.2265319824219, 301.403076171875, 53.590694427490234], "outstretched": [1]}, "1": {"pos": [484.74090576171875, 338.6341552734375, 87.134521484375], "velocity": [383.49237060546875, 283.44989013671875, 52.98252487182617], "outstretched": [1]}}, "pinch": [0.0], "finger_count": [5], "pry": [2.772580146789551, 28.736127853393555, 10.810528755187988], "sphere": {"pos": [590.458251953125, 270.24139404296875, 70.21675109863281], "radius": [128.11386108398438]}, "pos": [505.05291748046875, 390.37176513671875, 62.43230438232422], "direction": [104.23115539550781, 2.772580146789551, 10.810528755187988], "grab": [0.0], "confidence": [0.6775696873664856]}}}}