{"/": {"hand": {"1": {"finger": {"2": {"pos": [290.37347412109375, 313.009521484375, 85.05010986328125], "velocity": [150.98574829101562, 498.006103515625, 50.355552673339844], "outstretched": [1]}, "3": {"pos": [299.5013732910156, 329.0377197265625, 82.90750122070312], "velocity": [171.1781463623047, 497.2286071777344, 50.5472526550293], "outstretched": [1]}, "4": {"pos": [291.35943603515625, 353.50885009765625, 76.93285369873047], "velocity": [182.50790405273438, 490.95068359375, 49.23206329345703], "outstretched": [1]}, "0": {"pos": [337.1712646484375, 274.12811279296875, 63.49542236328125], "velocity": [183.67703247070312, 479.6143493652344, 52.74660873413086], "outstretched": [1]}, "1": {"pos": [315.9917297363281, 298.6529235839844, 82.19241333007812], "velocity": [135.63137817382812, 487.8083801269531, 51.48945617675781], "outstretched": [1]}}, "pinch": [0.0], "finger_count": [5], "pry": [4.308239459991455, 99.04240417480469, 4.8023457527160645], "sphere": {"pos": [120.6201171875, 283.73553466796875, 64.66268920898438], "radius": [111.94181823730469]}, "pos": [301.15557861328125, 323.9037780761719, 56.5118293762207], "direction": [131.88258361816406, 4.308239459991455, 4.8023457527160645], "grab": [0.0], "confidence": [0.846274197101593]}}}}