{"/": {"hand": {"1": {"finger": {"2": {"pos": [375.7041320800781, 307.5670166015625, 86.96123504638672], "velocity": [157.17015075683594, 484.25994873046875, 47.9478759765625], "outstretched": [1]}, "3": {"pos": [382.1667175292969, 332.03472900390625, 85.26563262939453], "velocity": [167.7010040283203, 463.65899658203125, 47.120269775390625], "outstretched": [1]}, "4": {"pos": [370.5195007324219, 355.4456787109375, 79.6116943359375], "velocity": [172.29861450195312, 471.4700622558594, 47.16424560546875], "outstretched": [1]}, "0": {"pos": [408.5052185058594, 278.75677490234375, 64.74049377441406], "velocity": [194.99893188476562, 476.3847961425781, 47.89411926269531], "outstretched": [1]}, "1": {"pos": [401.16143798828125, 299.3759460449219, 83.89521026611328], "velocity": [177.47752380371094, 478.11572265625, 47.96669006347656], "outstretched": [1]}}, "pinch": [0.0], "finger_count": [5], "pry": [7.1421685218811035, 99.6779556274414, 10.780914306640625], "sphere": {"pos": [160.52255249023438, 272.7633972167969, 68.25260162353516], "radius": [132.03817749023438]}, "pos": [370.27227783203125, 329.62164306640625, 58.82279586791992], "direction": [123.34722900390625, 7.1421685218811035, 10.780914306640625], "grab": [0.0], "confidence": [0.7387774586677551]}}}}