{"/": {"hand": {"1": {"finger": {"2": {"pos": [486.08038330078125, 331.23822021484375, 78.89398956298828], "velocity": [394.9626770019531, 488.7470703125, 49.6195068359375], "outstretched": [1]}, "3": {"pos": [536.670166015625, 343.6974792480469, 75.0676040649414], "velocity": [400.2314147949219, 485.8389892578125, 50.207855224609375], "outstretched": [1]}, "4": {"pos": [597.2472534179688, 353.2835693359375, 66.49534606933594], "velocity": [390.3342590332031, 495.45404052734375, 49.40987014770508], "outstretched": [1]}, "0": {"pos": [336.13165283203125, 292.30487060546875, 58.87543869018555], "velocity": [403.4490966796875, 465.086669921875, 49.07829666137695], "outstretched": [1]}, "1": {"pos": [413.15106201171875, 320.6986083984375, 76.61106872558594], "velocity": [398.2008972167969, 481.2554931640625, 49.7779655456543], "outstretched": [1]}}, "pinch": [0.0], "finger_count": [5], "pry": [-3.2479958534240723, 14.781676292419434, 2.253979206085205], "sphere": {"pos": [254.97958374023438, 533.667724609375, 48.062076568603516], "radius": [256.8066711425781]}, "pos": [482.57696533203125, 306.83245849609375, 50.921024322509766], "direction": [34.744178771972656, -3.2479958534240723, 2.253979206085205], "grab": [0.0], "confidence": [1.0]}}}}