{"/": {"hand": {"1": {"finger": {"2": {"pos": [618.9771118164062, 428.9375, 73.9934310913086], "velocity": [524.379638671875, 875.973388671875, 21.272382736206055], "outstretched": [1]}, "3": {"pos": [681.339599609375, 411.8311462402344, 70.30394744873047], "velocity": [555.0048828125, 900.103515625, 20.609018325805664], "outstretched": [1]}, "4": {"pos": [736.0675048828125, 400.4383239746094, 59.11164474487305], "velocity": [538.47900390625, 903.7716064453125, 19.554725646972656], "outstretched": [1]}, "0": {"pos": [381.42578125, 391.8058166503906, 56.624820709228516], "velocity": [476.5888977050781, 783.1514892578125, 19.46868324279785], "outstretched": [1]}, "1": {"pos": [532.1412353515625, 433.1216735839844, 72.72823333740234], "velocity": [493.3955993652344, 813.7129516601562, 27.698110580444336], "outstretched": [1]}}, "pinch": [0.0], "finger_count": [5], "pry": [-38.27999496459961, 12.609352111816406, 13.708210945129395], "sphere": {"pos": [576.9133911132812, 289.8153076171875, 81.46942138671875], "radius": [151.16139221191406]}, "pos": [553.8374633789062, 376.24041748046875, 49.537113189697266], "direction": [17.175600051879883, -38.27999496459961, 13.708210945129395], "grab": [0.0], "confidence": [0.9229815006256104]}}}}