{"/": {"hand": {"1": {"finger": {"2": {"pos": [428.7087707519531, 326.33038330078125, 86.41896057128906], "velocity": [152.16824340820312, 501.25360107421875, 64.45783996582031], "outstretched": [1]}, "3": {"pos": [453.5431823730469, 351.44189453125, 83.7501220703125], "velocity": [277.0406188964844, 492.64935302734375, 63.322105407714844], "outstretched": [1]}, "4": {"pos": [440.5785827636719, 370.8445739746094, 77.22123718261719], "velocity": [247.44418334960938, 499.1441345214844, 61.738555908203125], "outstretched": [1]}, "0": {"pos": [405.8058776855469, 293.05767822265625, 66.1759033203125], "velocity": [384.3135986328125, 410.07342529296875, 58.39384460449219], "outstretched": [1]}, "1": {"pos": [433.5093688964844, 316.396484375, 83.71768188476562], "velocity": [172.60113525390625, 496.80072021484375, 65.16901397705078], "outstretched": [1]}}, "pinch": [0.0], "finger_count": [5], "pry": [2.9421164989471436, 71.8390121459961, 9.548018455505371], "sphere": {"pos": [204.59930419921875, 342.25762939453125, 68.62262725830078], "radius": [125.01676940917969]}, "pos": [424.1911315917969, 335.58660888671875, 57.71096420288086], "direction": [106.99051666259766, 2.9421164989471436, 9.548018455505371], "grab": [0.0], "confidence": [0.39656051993370056]}}}}