{"/": {"hand": {"1": {"finger": {"2": {"pos": [338.7067565917969, 328.37847900390625, 85.26626586914062], "velocity": [1007.2408447265625, 656.51171875, 70.33452606201172], "outstretched": [1]}, "3": {"pos": [356.82550048828125, 345.4803466796875, 82.92279052734375], "velocity": [876.6935424804688, 567.6019897460938, 61.83399200439453], "outstretched": [1]}, "4": {"pos": [371.3409118652344, 367.78997802734375, 76.53397369384766], "velocity": [1022.4653930664062, 563.0853881835938, 62.737030029296875], "outstretched": [1]}, "0": {"pos": [350.5672607421875, 282.5047302246094, 64.87789916992188], "velocity": [86.27862548828125, 589.9537353515625, 53.73294448852539], "outstretched": [1]}, "1": {"pos": [344.7956237792969, 314.67791748046875, 82.74287414550781], "velocity": [496.63873291015625, 585.8074951171875, 56.882843017578125], "outstretched": [1]}}, "pinch": [0.0], "finger_count": [5], "pry": [1.0449305772781372, 75.36570739746094, -1.8679478168487549], "sphere": {"pos": [195.2521514892578, 335.65765380859375, 63.55849075317383], "radius": [101.28716278076172]}, "pos": [373.01007080078125, 331.15789794921875, 56.83430099487305], "direction": [-119.21671295166016, 1.0449305772781372, -1.8679478168487549], "grab": [0.0], "confidence": [0.5555461645126343]}}}}