{"/": {"hand": {"1": {"finger": {"2": {"pos": [631.0093994140625, 445.978271484375, 73.39236450195312], "velocity": [544.8822021484375, 718.6796264648438, 41.89624786376953], "outstretched": [1]}, "3": {"pos": [693.325927734375, 432.619140625, 68.89866638183594], "velocity": [542.0611572265625, 760.1912841796875, 33.44025421142578], "outstretched": [1]}, "4": {"pos": [744.0264892578125, 425.304931640625, 57.20330810546875], "velocity": [499.4163818359375, 802.1082763671875, 27.65719985961914], "outstretched": [1]}, "0": {"pos": [387.13043212890625, 409.75323486328125, 56.4200439453125], "velocity": [478.3782958984375, 717.909423828125, 49.1207160949707], "outstretched": [1]}, "1": {"pos": [542.4898681640625, 446.5412292480469, 73.06132507324219], "velocity": [526.3030395507812, 665.190185546875, 53.86862564086914], "outstretched": [1]}}, "pinch": [0.0], "finger_count": [5], "pry": [-35.17183303833008, 16.812406539916992, 13.912574768066406], "sphere": {"pos": [601.1241455078125, 300.0615234375, 79.6768798828125], "radius": [156.9211883544922]}, "pos": [559.9208984375, 398.8226623535156, 48.48587417602539], "direction": [19.367345809936523, -35.17183303833008, 13.912574768066406], "grab": [0.0], "confidence": [0.8012812733650208]}}}}