{"/": {"hand": {"1": {"finger": {"2": {"pos": [580.693359375, 393.6568908691406, 88.28056335449219], "velocity": [298.7466735839844, 325.99468994140625, 64.21058654785156], "outstretched": [1]}, "3": {"pos": [643.7237548828125, 409.15338134765625, 83.30319213867188], "velocity": [250.41064453125, 366.8380126953125, 68.91658782958984], "outstretched": [1]}, "4": {"pos": [701.7969970703125, 437.4273681640625, 71.06982421875], "velocity": [187.9967041015625, 438.9090576171875, 81.11557006835938], "outstretched": [1]}, "0": {"pos": [327.3084716796875, 398.8016357421875, 67.45836639404297], "velocity": [265.0976257324219, 275.3614501953125, 61.33437728881836], "outstretched": [1]}, "1": {"pos": [486.39178466796875, 378.51531982421875, 87.12759399414062], "velocity": [392.2610168457031, 264.04791259765625, 59.06290817260742], "outstretched": [1]}}, "pinch": [0.0], "finger_count": [5], "pry": [-0.19464103877544403, 20.337430953979492, 12.946812629699707], "sphere": {"pos": [596.4454956054688, 266.12945556640625, 71.63457489013672], "radius": [157.18614196777344]}, "pos": [518.2931518554688, 413.9058837890625, 60.73515701293945], "direction": [89.15338134765625, -0.19464103877544403, 12.946812629699707], "grab": [0.0], "confidence": [0.8165959119796753]}}}}