{"/": {"hand": {"1": {"finger": {"2": {"pos": [486.7641906738281, 336.0699157714844, 78.74971771240234], "velocity": [395.3183898925781, 483.7956848144531, 51.542076110839844], "outstretched": [1]}, "3": {"pos": [537.2525024414062, 346.2789306640625, 75.05554962158203], "velocity": [392.8547058105469, 498.7084045410156, 50.244510650634766], "outstretched": [1]}, "4": {"pos": [598.8819580078125, 353.9181823730469, 66.6963119506836], "velocity": [386.92205810546875, 512.4053344726562, 48.36481475830078], "outstretched": [1]}, "0": {"pos": [336.8797607421875, 301.55072021484375, 58.99958038330078], "velocity": [381.2286376953125, 475.808837890625, 49.500083923339844], "outstretched": [1]}, "1": {"pos": [414.9486999511719, 327.03265380859375, 76.48616790771484], "velocity": [386.9530944824219, 483.438232421875, 51.062252044677734], "outstretched": [1]}}, "pinch": [0.0], "finger_count": [5], "pry": [-1.9270466566085815, 11.595549583435059, 2.4123032093048096], "sphere": {"pos": [286.5400085449219, 532.1730346679688, 48.942718505859375], "radius": [244.07408142089844]}, "pos": [482.43096923828125, 311.071533203125, 50.893829345703125], "direction": [51.386680603027344, -1.9270466566085815, 2.4123032093048096], "grab": [0.0], "confidence": [1.0]}}}}