{"/": {"hand": {"1": {"finger": {"2": {"pos": [589.8507080078125, 409.9383544921875, 86.9133529663086], "velocity": [308.28387451171875, 310.5059814453125, 63.99274444580078], "outstretched": [1]}, "3": {"pos": [656.4561767578125, 422.0205383300781, 81.53926849365234], "velocity": [266.24700927734375, 294.4267578125, 67.90800476074219], "outstretched": [1]}, "4": {"pos": [719.573974609375, 442.19720458984375, 68.3112564086914], "velocity": [228.93963623046875, 444.4987487792969, 74.63243103027344], "outstretched": [1]}, "0": {"pos": [339.0281982421875, 417.41943359375, 66.0216293334961], "velocity": [248.91363525390625, 364.7071533203125, 71.9549331665039], "outstretched": [1]}, "1": {"pos": [489.61419677734375, 399.787353515625, 86.12610626220703], "velocity": [382.2166442871094, 256.82427978515625, 62.874855041503906], "outstretched": [1]}}, "pinch": [0.0], "finger_count": [5], "pry": [-5.309449672698975, 15.652058601379395, 12.987160682678223], "sphere": {"pos": [590.629638671875, 275.44891357421875, 73.93115234375], "radius": [158.40972900390625]}, "pos": [531.0404052734375, 420.4054260253906, 58.91690444946289], "direction": [68.05296325683594, -5.309449672698975, 12.987160682678223], "grab": [0.0], "confidence": [0.8034979701042175]}}}}