{"/": {"hand": {"1": {"finger": {"2": {"pos": [609.8766479492188, 382.69573974609375, 83.51776885986328], "velocity": [381.46893310546875, 442.8183898925781, 46.91717529296875], "outstretched": [1]}, "3": {"pos": [645.5112915039062, 410.6429748535156, 79.9924087524414], "velocity": [230.20799255371094, 540.7921752929688, 54.17393493652344], "outstretched": [1]}, "4": {"pos": [656.3410034179688, 447.67236328125, 71.85563659667969], "velocity": [90.14581298828125, 565.6550903320312, 52.09703826904297], "outstretched": [1]}, "0": {"pos": [362.62091064453125, 341.2274169921875, 63.496009826660156], "velocity": [342.3531494140625, 299.642578125, 54.1595344543457], "outstretched": [1]}, "1": {"pos": [528.4862060546875, 353.872802734375, 82.6839599609375], "velocity": [407.2600402832031, 360.51824951171875, 49.11489486694336], "outstretched": [1]}}, "pinch": [0.0], "finger_count": [5], "pry": [7.3083906173706055, 44.33628845214844, 11.701376914978027], "sphere": {"pos": [684.008544921875, 310.7764892578125, 62.64601135253906], "radius": [130.74771118164062]}, "pos": [496.5220947265625, 406.89263916015625, 59.20564270019531], "direction": [121.76700592041016, 7.3083906173706055, 11.701376914978027], "grab": [0.0], "confidence": [0.6664082407951355]}}}}