{"/": {"hand": {"1": {"finger": {"2": {"pos": [479.08465576171875, 322.3096008300781, 79.53160095214844], "velocity": [480.29974365234375, 515.7127075195312, 53.57746124267578], "outstretched": [1]}, "3": {"pos": [509.7686767578125, 337.7716979980469, 76.41236114501953], "velocity": [404.5053405761719, 515.5006103515625, 53.949649810791016], "outstretched": [1]}, "4": {"pos": [540.1744384765625, 351.6717529296875, 69.57270812988281], "velocity": [341.2370300292969, 522.9072265625, 54.586456298828125], "outstretched": [1]}, "0": {"pos": [415.11260986328125, 284.53167724609375, 60.81906509399414], "velocity": [518.8665161132812, 524.3884887695312, 52.231407165527344], "outstretched": [0]}, "1": {"pos": [450.31524658203125, 303.511474609375, 77.46630096435547], "velocity": [530.3312377929688, 517.34619140625, 52.99629592895508], "outstretched": [1]}}, "pinch": [0.0], "finger_count": [4], "pry": [1.2964900732040405, 41.143226623535156, 4.977808952331543], "sphere": {"pos": [162.28477478027344, 439.3439025878906, 54.8340950012207], "radius": [215.6568603515625]}, "pos": [498.27618408203125, 307.0762939453125, 51.39994812011719], "direction": [104.5657730102539, 1.2964900732040405, 4.977808952331543], "grab": [0.0], "confidence": [1.0]}}}}