{"/": {"hand": {"1": {"finger": {"2": {"pos": [498.208251953125, 338.63995361328125, 78.6095199584961], "velocity": [390.18927001953125, 500.52508544921875, 49.72706604003906], "outstretched": [1]}, "3": {"pos": [551.4122314453125, 344.55126953125, 75.403076171875], "velocity": [381.1871337890625, 514.0327758789062, 48.723941802978516], "outstretched": [1]}, "4": {"pos": [614.2984619140625, 347.3061218261719, 67.75538635253906], "velocity": [390.2943115234375, 513.2929077148438, 48.54831314086914], "outstretched": [1]}, "0": {"pos": [350.45751953125, 318.43756103515625, 59.05170822143555], "velocity": [395.2987976074219, 482.6533508300781, 49.840576171875], "outstretched": [1]}, "1": {"pos": [425.6639709472656, 335.52825927734375, 76.11972045898438], "velocity": [389.30859375, 495.32574462890625, 49.85712814331055], "outstretched": [1]}}, "pinch": [0.0], "finger_count": [5], "pry": [-0.23631525039672852, 5.938791751861572, 1.3961870670318604], "sphere": {"pos": [347.0989074707031, 574.9993286132812, 50.49998474121094], "radius": [268.27978515625]}, "pos": [491.5555419921875, 319.0906066894531, 52.4071044921875], "direction": [80.39511108398438, -0.23631525039672852, 1.3961870670318604], "grab": [0.0], "confidence": [0.9169377088546753]}}}}