{"/": {"hand": {"1": {"finger": {"2": {"pos": [579.8090209960938, 418.06573486328125, 84.69496154785156], "velocity": [691.9953002929688, -33.50634765625, 40.817596435546875], "outstretched": [1]}, "3": {"pos": [621.5339965820312, 413.7015380859375, 81.20873260498047], "velocity": [501.3577575683594, -98.72637939453125, 36.917274475097656], "outstretched": [1]}, "4": {"pos": [666.453125, 440.8470764160156, 73.17837524414062], "velocity": [547.777099609375, -75.2320556640625, 41.95176315307617], "outstretched": [1]}, "0": {"pos": [384.3318786621094, 408.1123352050781, 66.0341567993164], "velocity": [236.33831787109375, 152.12762451171875, 55.218116760253906], "outstretched": [1]}, "1": {"pos": [527.170166015625, 405.9155578613281, 82.8931655883789], "velocity": [503.6012878417969, -46.3173828125, 45.93759536743164], "outstretched": [1]}}, "pinch": [0.0], "finger_count": [5], "pry": [2.928560495376587, 26.28501319885254, 8.162006378173828], "sphere": {"pos": [623.7822265625, 336.6434631347656, 66.3540267944336], "radius": [105.49678802490234]}, "pos": [529.3112182617188, 424.21893310546875, 57.003971099853516], "direction": [109.63050842285156, 2.928560495376587, 8.162006378173828], "grab": [0.0], "confidence": [0.17216455936431885]}}}}