{"/": {"hand": {"1": {"finger": {"2": {"pos": [559.5498046875, 434.8517761230469, 70.71493530273438], "velocity": [373.7823486328125, 358.35394287109375, 86.88095092773438], "outstretched": [0]}, "3": {"pos": [598.8412475585938, 435.84783935546875, 67.75936889648438], "velocity": [423.5989685058594, 422.26519775390625, 66.39788055419922], "outstretched": [0]}, "4": {"pos": [668.1936645507812, 403.0967712402344, 69.24537658691406], "velocity": [301.3097839355469, 342.79364013671875, 96.46190643310547], "outstretched": [0]}, "0": {"pos": [414.9972229003906, 379.7715148925781, 59.31804656982422], "velocity": [39.014434814453125, 593.1441650390625, -86.59307861328125], "outstretched": [1]}, "1": {"pos": [541.0668334960938, 432.86846923828125, 62.8184814453125], "velocity": [533.4506225585938, 512.5663452148438, 11.772777557373047], "outstretched": [0]}}, "pinch": [0.0], "finger_count": [1], "pry": [24.626937866210938, 5.312906742095947, 1.3183917999267578], "sphere": {"pos": [533.8453979492188, 418.6175537109375, 66.74920654296875], "radius": [57.40951156616211]}, "pos": [593.0888061523438, 394.6114501953125, 56.89109802246094], "direction": [177.1258544921875, 24.626937866210938, 1.3183917999267578], "grab": [1.0], "confidence": [0.2233576625585556]}}}}