{"/": {"hand": {"1": {"finger": {"2": {"pos": [486.13043212890625, 335.25238037109375, 78.82872772216797], "velocity": [394.8273010253906, 484.4666748046875, 51.60054397583008], "outstretched": [1]}, "3": {"pos": [536.5087280273438, 346.20654296875, 75.07870483398438], "velocity": [390.9505920410156, 498.396484375, 50.447574615478516], "outstretched": [1]}, "4": {"pos": [598.2577514648438, 354.4627685546875, 66.63648223876953], "velocity": [395.5567932128906, 504.2183837890625, 49.482486724853516], "outstretched": [1]}, "0": {"pos": [336.1621398925781, 299.98114013671875, 59.01001739501953], "velocity": [388.8380432128906, 476.4859924316406, 49.924129486083984], "outstretched": [1]}, "1": {"pos": [414.22906494140625, 325.9957275390625, 76.55476379394531], "velocity": [391.3634948730469, 485.3534240722656, 51.138206481933594], "outstretched": [1]}}, "pinch": [0.0], "finger_count": [5], "pry": [-2.0989480018615723, 12.252354621887207, 2.4487316608428955], "sphere": {"pos": [278.3307189941406, 532.9902954101562, 48.88145065307617], "radius": [246.93016052246094]}, "pos": [482.0350646972656, 310.64495849609375, 50.91959762573242], "direction": [49.40280532836914, -2.0989480018615723, 2.4487316608428955], "grab": [0.0], "confidence": [1.0]}}}}