{"/": {"hand": {"1": {"finger": {"2": {"pos": [453.6255187988281, 326.2938537597656, 84.53153228759766], "velocity": [16.723785400390625, 524.7869262695312, 74.53443908691406], "outstretched": [1]}, "3": {"pos": [461.97711181640625, 350.77325439453125, 81.88626098632812], "velocity": [181.19798278808594, 521.5454711914062, 76.1357650756836], "outstretched": [1]}, "4": {"pos": [459.4605407714844, 370.2213134765625, 75.45220947265625], "velocity": [205.44326782226562, 540.8015747070312, 76.49446105957031], "outstretched": [1]}, "0": {"pos": [424.06549072265625, 294.5694274902344, 64.3006362915039], "velocity": [156.46299743652344, 529.9725952148438, 63.691349029541016], "outstretched": [0]}, "1": {"pos": [451.663330078125, 316.10589599609375, 81.8343734741211], "velocity": [21.742828369140625, 538.196533203125, 73.59021759033203], "outstretched": [1]}}, "pinch": [0.0], "finger_count": [4], "pry": [4.455288410186768, 70.43632507324219, 12.500185012817383], "sphere": {"pos": [140.75021362304688, 339.48248291015625, 68.61209106445312], "radius": [162.26507568359375]}, "pos": [438.4029846191406, 337.501708984375, 55.94365692138672], "direction": [109.36419677734375, 4.455288410186768, 12.500185012817383], "grab": [0.0], "confidence": [0.5558739900588989]}}}}