{"/": {"hand": {"1": {"finger": {"2": {"pos": [424.51220703125, 314.689208984375, 87.25479888916016], "velocity": [270.751708984375, 470.45330810546875, 51.83958053588867], "outstretched": [1]}, "3": {"pos": [429.3035583496094, 342.0833740234375, 85.46347045898438], "velocity": [290.96575927734375, 463.5188903808594, 55.5937614440918], "outstretched": [1]}, "4": {"pos": [418.05322265625, 363.71661376953125, 79.64926147460938], "velocity": [306.44439697265625, 479.04156494140625, 58.28730773925781], "outstretched": [1]}, "0": {"pos": [441.0762939453125, 283.6013488769531, 65.0756607055664], "velocity": [447.2782897949219, 507.4123229980469, 49.4421501159668], "outstretched": [1]}, "1": {"pos": [440.4590759277344, 305.459716796875, 84.18059539794922], "velocity": [397.67724609375, 478.870361328125, 50.99616241455078], "outstretched": [1]}}, "pinch": [0.0], "finger_count": [5], "pry": [7.228963375091553, 91.47903442382812, 11.1310453414917], "sphere": {"pos": [200.17295837402344, 295.850341796875, 69.3971939086914], "radius": [128.16452026367188]}, "pos": [413.6376647949219, 335.22967529296875, 58.999969482421875], "direction": [122.8088607788086, 7.228963375091553, 11.1310453414917], "grab": [0.0], "confidence": [0.5471857786178589]}}}}