{"/": {"hand": {"1": {"finger": {"2": {"pos": [610.4434814453125, 380.7984619140625, 83.41583251953125], "velocity": [438.8073425292969, 456.1226806640625, 46.347782135009766], "outstretched": [1]}, "3": {"pos": [634.9010009765625, 413.7168273925781, 80.40642547607422], "velocity": [270.3037109375, 520.8952026367188, 53.73567199707031], "outstretched": [1]}, "4": {"pos": [631.3748168945312, 454.19061279296875, 72.62821197509766], "velocity": [43.336181640625, 577.3196411132812, 60.4651985168457], "outstretched": [1]}, "0": {"pos": [361.1048278808594, 330.4530029296875, 63.35942077636719], "velocity": [364.98370361328125, 356.47296142578125, 53.799346923828125], "outstretched": [1]}, "1": {"pos": [535.623779296875, 345.4874267578125, 82.32221984863281], "velocity": [530.141357421875, 368.88677978515625, 43.98734664916992], "outstretched": [1]}}, "pinch": [0.0], "finger_count": [5], "pry": [7.283519744873047, 53.5546989440918, 12.549652099609375], "sphere": {"pos": [690.4547119140625, 312.0287170410156, 62.970401763916016], "radius": [132.02854919433594]}, "pos": [490.03045654296875, 400.6212463378906, 59.38585662841797], "direction": [119.86276245117188, 7.283519744873047, 12.549652099609375], "grab": [0.0], "confidence": [0.7334046363830566]}}}}