{"/": {"hand": {"1": {"finger": {"2": {"pos": [498.3376770019531, 338.093505859375, 78.64242553710938], "velocity": [411.9093933105469, 505.6805114746094, 49.88253402709961], "outstretched": [1]}, "3": {"pos": [552.411376953125, 342.8666076660156, 75.52600860595703], "velocity": [406.1356201171875, 513.9052124023438, 49.097190856933594], "outstretched": [1]}, "4": {"pos": [614.846435546875, 345.5644836425781, 67.90769958496094], "velocity": [409.18194580078125, 506.9056091308594, 49.475582122802734], "outstretched": [1]}, "0": {"pos": [350.4888916015625, 319.2369079589844, 59.047950744628906], "velocity": [408.123779296875, 501.6097106933594, 50.24587631225586], "outstretched": [1]}, "1": {"pos": [426.0290832519531, 335.6552429199219, 76.12004852294922], "velocity": [408.574951171875, 502.9312438964844, 50.140865325927734], "outstretched": [1]}}, "pinch": [0.0], "finger_count": [5], "pry": [-0.16916583478450775, 5.714992046356201, 1.4494491815567017], "sphere": {"pos": [352.9728698730469, 590.469482421875, 50.0971565246582], "radius": [282.4055480957031]}, "pos": [491.643310546875, 319.2673645019531, 52.391815185546875], "direction": [83.344482421875, -0.16916583478450775, 1.4494491815567017], "grab": [0.0], "confidence": [0.927850604057312]}}}}