{"/": {"hand": {"1": {"finger": {"2": {"pos": [326.56292724609375, 310.968505859375, 85.34521484375], "velocity": [182.01132202148438, 535.9862060546875, 41.255859375], "outstretched": [1]}, "3": {"pos": [334.24884033203125, 330.3829650878906, 83.3253173828125], "velocity": [163.70489501953125, 496.5032653808594, 38.506797790527344], "outstretched": [1]}, "4": {"pos": [323.919189453125, 354.58892822265625, 77.48262023925781], "velocity": [161.19435119628906, 496.3733825683594, 36.7308464050293], "outstretched": [1]}, "0": {"pos": [369.2627868652344, 276.49554443359375, 63.48575973510742], "velocity": [205.00332641601562, 485.1582336425781, 42.76436233520508], "outstretched": [1]}, "1": {"pos": [354.39605712890625, 299.6727294921875, 82.3852767944336], "velocity": [167.36099243164062, 504.5731201171875, 41.233123779296875], "outstretched": [1]}}, "pinch": [0.0], "finger_count": [5], "pry": [4.914259433746338, 101.41210174560547, 8.446440696716309], "sphere": {"pos": [132.12466430664062, 272.28448486328125, 65.92536163330078], "radius": [125.6159896850586]}, "pos": [330.2276306152344, 326.1569519042969, 56.93436813354492], "direction": [120.07144165039062, 4.914259433746338, 8.446440696716309], "grab": [0.0], "confidence": [0.8143314123153687]}}}}