{"/": {"hand": {"1": {"finger": {"2": {"pos": [592.6845092773438, 444.181396484375, 77.31045532226562], "velocity": [530.5266723632812, 898.834228515625, 41.56568145751953], "outstretched": [1]}, "3": {"pos": [646.2883911132812, 438.0118408203125, 73.5461654663086], "velocity": [496.683349609375, 873.4398193359375, 39.01456832885742], "outstretched": [1]}, "4": {"pos": [704.5592041015625, 429.1206970214844, 63.861236572265625], "velocity": [349.2316589355469, 864.0501708984375, 42.984134674072266], "outstretched": [1]}, "0": {"pos": [450.8941345214844, 439.3242492675781, 57.97030258178711], "velocity": [606.4657592773438, 876.3910522460938, 91.07757568359375], "outstretched": [1]}, "1": {"pos": [512.4869384765625, 439.46844482421875, 76.86919403076172], "velocity": [637.6715087890625, 935.6787109375, 45.69206237792969], "outstretched": [1]}}, "pinch": [0.0], "finger_count": [5], "pry": [-30.049299240112305, 9.936606407165527, 14.350347518920898], "sphere": {"pos": [585.4371948242188, 344.88958740234375, 72.63890075683594], "radius": [99.83565521240234]}, "pos": [549.898681640625, 397.7164001464844, 51.96657180786133], "direction": [23.85675048828125, -30.049299240112305, 14.350347518920898], "grab": [0.0], "confidence": [0.7483565807342529]}}}}