{"/": {"hand": {"1": {"finger": {"2": {"pos": [276.4434814453125, 313.3502197265625, 84.95762634277344], "velocity": [131.72897338867188, 504.69183349609375, 48.861751556396484], "outstretched": [1]}, "3": {"pos": [287.7730407714844, 329.29986572265625, 82.8397445678711], "velocity": [165.39988708496094, 506.2646179199219, 49.29003143310547], "outstretched": [1]}, "4": {"pos": [281.9179992675781, 354.10205078125, 76.8313980102539], "velocity": [209.1692352294922, 514.818359375, 48.4705924987793], "outstretched": [1]}, "0": {"pos": [323.72564697265625, 273.4429931640625, 63.54420471191406], "velocity": [147.54782104492188, 488.3337097167969, 51.442291259765625], "outstretched": [1]}, "1": {"pos": [301.0793762207031, 298.5387268066406, 82.1666030883789], "velocity": [111.78878784179688, 499.6212158203125, 50.22166061401367], "outstretched": [1]}}, "pinch": [0.0], "finger_count": [5], "pry": [4.382701396942139, 97.65306091308594, 3.8614861965179443], "sphere": {"pos": [115.144287109375, 286.7041931152344, 64.35824584960938], "radius": [110.49442291259766]}, "pos": [295.4576721191406, 323.91058349609375, 56.476356506347656], "direction": [138.6299591064453, 4.382701396942139, 3.8614861965179443], "grab": [0.0], "confidence": [0.8229341506958008]}}}}