{"/": {"hand": {"1": {"finger": {"2": {"pos": [481.759521484375, 322.3699951171875, 79.21762084960938], "velocity": [382.4688415527344, 513.6473388671875, 52.88431930541992], "outstretched": [1]}, "3": {"pos": [521.2783203125, 340.8740234375, 75.32624053955078], "velocity": [332.7339782714844, 510.5946044921875, 54.69898223876953], "outstretched": [1]}, "4": {"pos": [572.4610595703125, 354.7734680175781, 67.53147888183594], "velocity": [253.49151611328125, 511.302490234375, 60.38273620605469], "outstretched": [1]}, "0": {"pos": [358.98419189453125, 269.471435546875, 59.19034957885742], "velocity": [547.80078125, 511.2160949707031, 60.67634963989258], "outstretched": [1]}, "1": {"pos": [424.5375671386719, 304.19915771484375, 77.00627899169922], "velocity": [443.5438537597656, 505.3951110839844, 52.64151382446289], "outstretched": [1]}}, "pinch": [0.0], "finger_count": [5], "pry": [-2.0174992084503174, 28.34478759765625, 1.917751431465149], "sphere": {"pos": [195.31192016601562, 475.5223083496094, 50.46979904174805], "radius": [231.91494750976562]}, "pos": [491.5664367675781, 300.16259765625, 51.16407012939453], "direction": [43.546878814697266, -2.0174992084503174, 1.917751431465149], "grab": [0.0], "confidence": [1.0]}}}}