{"/": {"hand": {"1": {"finger": {"2": {"pos": [257.0093078613281, 314.99932861328125, 84.54209899902344], "velocity": [143.15084838867188, 507.7569274902344, 44.822471618652344], "outstretched": [1]}, "3": {"pos": [269.6836853027344, 330.37811279296875, 82.42996215820312], "velocity": [159.1144256591797, 509.8146057128906, 45.11561965942383], "outstretched": [1]}, "4": {"pos": [267.61004638671875, 355.5887145996094, 76.36921691894531], "velocity": [208.5636749267578, 516.1921997070312, 44.511375427246094], "outstretched": [1]}, "0": {"pos": [307.48046875, 273.62860107421875, 63.43275451660156], "velocity": [187.549560546875, 499.46307373046875, 48.33149719238281], "outstretched": [1]}, "1": {"pos": [280.5273132324219, 299.72369384765625, 81.87858581542969], "velocity": [129.2933349609375, 510.7404479980469, 46.47388458251953], "outstretched": [1]}}, "pinch": [0.0], "finger_count": [5], "pry": [4.054507255554199, 95.61428833007812, 1.3202896118164062], "sphere": {"pos": [103.10287475585938, 290.88311767578125, 63.2013053894043], "radius": [109.13906860351562]}, "pos": [285.24615478515625, 324.36474609375, 56.141082763671875], "direction": [161.9881134033203, 4.054507255554199, 1.3202896118164062], "grab": [0.0], "confidence": [0.785620391368866]}}}}