{"/": {"hand": {"1": {"finger": {"2": {"pos": [612.0657348632812, 387.541748046875, 83.77919006347656], "velocity": [309.8346862792969, 469.6275939941406, 38.813419342041016], "outstretched": [1]}, "3": {"pos": [657.185791015625, 407.6784362792969, 79.85069274902344], "velocity": [370.3033752441406, 589.3878784179688, 33.31847381591797], "outstretched": [1]}, "4": {"pos": [679.809326171875, 444.3309020996094, 71.80558013916016], "velocity": [198.46971130371094, 500.22796630859375, 32.4505615234375], "outstretched": [1]}, "0": {"pos": [362.17974853515625, 359.957763671875, 63.12788391113281], "velocity": [397.9718933105469, 317.38226318359375, 46.713191986083984], "outstretched": [1]}, "1": {"pos": [529.7214965820312, 365.6895751953125, 82.7581558227539], "velocity": [279.63671875, 409.2195739746094, 41.90432357788086], "outstretched": [1]}}, "pinch": [0.0], "finger_count": [5], "pry": [8.731475830078125, 36.36550521850586, 10.1559419631958], "sphere": {"pos": [673.8253173828125, 309.634521484375, 62.40496063232422], "radius": [130.7721710205078]}, "pos": [510.22259521484375, 416.9634704589844, 59.01816177368164], "direction": [130.60861206054688, 8.731475830078125, 10.1559419631958], "grab": [0.0], "confidence": [0.47335922718048096]}}}}