{"/": {"hand": {"1": {"finger": {"2": {"pos": [572.95068359375, 292.2846984863281, 89.20874786376953], "velocity": [353.146240234375, 326.77191162109375, 54.514198303222656], "outstretched": [1]}, "3": {"pos": [627.950927734375, 315.0352783203125, 85.98589324951172], "velocity": [368.668212890625, 323.1065673828125, 54.766578674316406], "outstretched": [1]}, "4": {"pos": [665.8704833984375, 360.74298095703125, 78.18559265136719], "velocity": [387.35089111328125, 320.2945556640625, 53.79958724975586], "outstretched": [1]}, "0": {"pos": [325.1427307128906, 301.3305969238281, 67.12049102783203], "velocity": [381.001708984375, 358.54180908203125, 51.50651931762695], "outstretched": [1]}, "1": {"pos": [478.04669189453125, 274.52935791015625, 86.81156921386719], "velocity": [338.30712890625, 337.5578918457031, 53.86112594604492], "outstretched": [1]}}, "pinch": [0.0], "finger_count": [5], "pry": [5.151236534118652, 32.04365158081055, 6.670011520385742], "sphere": {"pos": [585.5745239257812, 222.64422607421875, 70.9198226928711], "radius": [119.89949798583984]}, "pos": [508.57781982421875, 335.02886962890625, 63.50251007080078], "direction": [127.62805938720703, 5.151236534118652, 6.670011520385742], "grab": [0.0], "confidence": [0.7741191387176514]}}}}