{"/": {"hand": {"1": {"finger": {"2": {"pos": [482.85943603515625, 324.50872802734375, 78.94963836669922], "velocity": [395.0296325683594, 464.493896484375, 51.294769287109375], "outstretched": [1]}, "3": {"pos": [532.0543823242188, 340.7010192871094, 74.95013427734375], "velocity": [376.2204895019531, 486.1166687011719, 50.11186218261719], "outstretched": [1]}, "4": {"pos": [588.026123046875, 352.2349853515625, 66.5853271484375], "velocity": [357.8928527832031, 493.6747741699219, 51.51133728027344], "outstretched": [1]}, "0": {"pos": [341.96484375, 277.64984130859375, 58.83643341064453], "velocity": [433.72894287109375, 433.19879150390625, 50.238380432128906], "outstretched": [1]}, "1": {"pos": [415.26373291015625, 309.7335205078125, 76.7550048828125], "velocity": [417.5543518066406, 450.29168701171875, 51.2188720703125], "outstretched": [1]}}, "pinch": [0.0], "finger_count": [5], "pry": [-3.4627997875213623, 20.693134307861328, 2.1660306453704834], "sphere": {"pos": [216.6243133544922, 506.59881591796875, 48.876708984375], "radius": [248.7496337890625]}, "pos": [484.75030517578125, 300.8256530761719, 50.912315368652344], "direction": [32.00745391845703, -3.4627997875213623, 2.1660306453704834], "grab": [0.0], "confidence": [1.0]}}}}