{"/": {"hand": {"1": {"finger": {"2": {"pos": [558.2422485351562, 429.90667724609375, 70.0389404296875], "velocity": [339.0451965332031, 369.6257629394531, 42.56026840209961], "outstretched": [0]}, "3": {"pos": [599.9244995117188, 431.7989807128906, 67.08343505859375], "velocity": [400.9787902832031, 403.48101806640625, 40.36973571777344], "outstretched": [0]}, "4": {"pos": [666.7625732421875, 398.0580139160156, 69.30464935302734], "velocity": [324.77130126953125, 364.46197509765625, 64.788330078125], "outstretched": [0]}, "0": {"pos": [416.5039978027344, 378.900390625, 56.27968215942383], "velocity": [320.7204284667969, 514.4346923828125, -48.12505340576172], "outstretched": [1]}, "1": {"pos": [545.4671630859375, 429.8846740722656, 61.049278259277344], "velocity": [506.6268005371094, 447.8888244628906, 5.43829345703125], "outstretched": [0]}}, "pinch": [0.0], "finger_count": [1], "pry": [23.02819061279297, 5.736982345581055, -4.610302925109863], "sphere": {"pos": [534.4970703125, 415.6918640136719, 65.06364440917969], "radius": [57.93732833862305]}, "pos": [599.122802734375, 390.0322265625, 55.980567932128906], "direction": [-169.25782775878906, 23.02819061279297, -4.610302925109863], "grab": [1.0], "confidence": [0.23638993501663208]}}}}