{"/": {"hand": {"1": {"finger": {"2": {"pos": [488.7909851074219, 336.636474609375, 78.69789123535156], "velocity": [371.2508850097656, 496.769287109375, 48.60859298706055], "outstretched": [1]}, "3": {"pos": [539.31494140625, 345.3426208496094, 75.13519287109375], "velocity": [377.1383056640625, 502.7276306152344, 48.03989028930664], "outstretched": [1]}, "4": {"pos": [601.379150390625, 351.3586730957031, 66.98298645019531], "velocity": [366.35504150390625, 520.3622436523438, 46.01317596435547], "outstretched": [1]}, "0": {"pos": [339.96881103515625, 305.00653076171875, 59.0513916015625], "velocity": [377.9539794921875, 472.3985900878906, 48.2846794128418], "outstretched": [1]}, "1": {"pos": [416.9678649902344, 328.71356201171875, 76.39144897460938], "velocity": [379.63311767578125, 484.9212341308594, 49.11383056640625], "outstretched": [1]}}, "pinch": [0.0], "finger_count": [5], "pry": [-1.5907535552978516, 10.202275276184082, 2.2231078147888184], "sphere": {"pos": [300.11962890625, 540.7782592773438, 48.751033782958984], "radius": [248.84347534179688]}, "pos": [483.59100341796875, 311.786376953125, 50.92283248901367], "direction": [54.42087936401367, -1.5907535552978516, 2.2231078147888184], "grab": [0.0], "confidence": [1.0]}}}}