{"/": {"hand": {"1": {"finger": {"2": {"pos": [767.2440185546875, 340.89715576171875, 73.46699523925781], "velocity": [436.1887512207031, 555.66015625, 45.74901580810547], "outstretched": [1]}, "3": {"pos": [829.5250244140625, 342.4764404296875, 66.79728698730469], "velocity": [425.6700439453125, 593.484130859375, 44.484344482421875], "outstretched": [1]}, "4": {"pos": [870.052490234375, 359.70928955078125, 53.90932846069336], "velocity": [413.42877197265625, 577.3003540039062, 37.525882720947266], "outstretched": [1]}, "0": {"pos": [476.84783935546875, 340.3851013183594, 55.039573669433594], "velocity": [343.31494140625, 550.7167358398438, 45.53268814086914], "outstretched": [1]}, "1": {"pos": [646.6121826171875, 357.255615234375, 74.57212829589844], "velocity": [420.67138671875, 522.9348754882812, 50.021968841552734], "outstretched": [1]}}, "pinch": [0.0], "finger_count": [5], "pry": [-10.55761432647705, 6.5159406661987305, 19.845657348632812], "sphere": {"pos": [715.75341796875, 180.88580322265625, 67.3076171875], "radius": [180.6287841796875]}, "pos": [674.7709350585938, 342.2137145996094, 46.877315521240234], "direction": [62.68830108642578, -10.55761432647705, 19.845657348632812], "grab": [0.0], "confidence": [0.7553412318229675]}}}}