{"/": {"hand": {"1": {"finger": {"2": {"pos": [573.962890625, 298.12286376953125, 88.91915893554688], "velocity": [353.49859619140625, 292.3403015136719, 47.49858856201172], "outstretched": [1]}, "3": {"pos": [628.8017578125, 320.90740966796875, 85.73043823242188], "velocity": [369.3532409667969, 290.887939453125, 49.54856872558594], "outstretched": [1]}, "4": {"pos": [666.6058349609375, 366.9296875, 78.0362548828125], "velocity": [386.0966491699219, 295.8870849609375, 52.36042785644531], "outstretched": [1]}, "0": {"pos": [325.777587890625, 307.38958740234375, 66.87666320800781], "velocity": [389.96844482421875, 363.3658447265625, 45.55677032470703], "outstretched": [1]}, "1": {"pos": [479.4582824707031, 280.3330078125, 86.49424743652344], "velocity": [347.0473937988281, 299.3076477050781, 44.17825698852539], "outstretched": [1]}}, "pinch": [0.0], "finger_count": [5], "pry": [5.8308000564575195, 32.10826110839844, 6.86263370513916], "sphere": {"pos": [587.1260375976562, 229.22256469726562, 70.36458587646484], "radius": [119.89918518066406]}, "pos": [508.8702392578125, 341.89862060546875, 63.35157012939453], "direction": [130.3148956298828, 5.8308000564575195, 6.86263370513916], "grab": [0.0], "confidence": [0.9154214859008789]}}}}