{"/": {"hand": {"1": {"finger": {"2": {"pos": [485.39678955078125, 329.1817626953125, 78.89698028564453], "velocity": [387.5734558105469, 476.81878662109375, 50.078819274902344], "outstretched": [1]}, "3": {"pos": [535.8202514648438, 342.7223205566406, 75.00946044921875], "velocity": [384.78582763671875, 490.72381591796875, 49.192169189453125], "outstretched": [1]}, "4": {"pos": [595.4150390625, 352.7069091796875, 66.47152709960938], "velocity": [374.6131896972656, 492.61468505859375, 49.988319396972656], "outstretched": [1]}, "0": {"pos": [336.97998046875, 287.96044921875, 58.82353210449219], "velocity": [412.0691833496094, 448.795654296875, 49.83545684814453], "outstretched": [1]}, "1": {"pos": [413.30035400390625, 317.63330078125, 76.63648223876953], "velocity": [402.1718444824219, 461.222900390625, 50.6141357421875], "outstretched": [1]}}, "pinch": [0.0], "finger_count": [5], "pry": [-3.460491895675659, 16.176477432250977, 2.2379934787750244], "sphere": {"pos": [246.83726501464844, 523.7568969726562, 48.4151611328125], "radius": [251.75750732421875]}, "pos": [482.9224853515625, 304.9988098144531, 50.901573181152344], "direction": [32.87333679199219, -3.460491895675659, 2.2379934787750244], "grab": [0.0], "confidence": [1.0]}}}}