{"/": {"hand": {"1": {"finger": {"2": {"pos": [787.3717041015625, 325.333740234375, 73.80319213867188], "velocity": [3.063446044921875, 458.8093566894531, 29.8298282623291], "outstretched": [1]}, "3": {"pos": [832.119873046875, 342.2764892578125, 68.86567687988281], "velocity": [272.33966064453125, 460.90838623046875, 14.97222900390625], "outstretched": [1]}, "4": {"pos": [870.995849609375, 360.5219421386719, 59.081275939941406], "velocity": [475.08837890625, 449.91595458984375, -9.97900390625], "outstretched": [1]}, "0": {"pos": [646.1204833984375, 286.9879150390625, 57.231529235839844], "velocity": [-780.2762451171875, 438.1094055175781, 45.60704803466797], "outstretched": [1]}, "1": {"pos": [737.572509765625, 311.83282470703125, 73.0821762084961], "velocity": [-406.285400390625, 473.1533508300781, 42.226802825927734], "outstretched": [1]}}, "pinch": [0.0], "finger_count": [5], "pry": [4.891337871551514, 26.830907821655273, 22.95121955871582], "sphere": {"pos": [659.2877197265625, 382.3310852050781, 60.0431022644043], "radius": [93.33930969238281]}, "pos": [722.8499755859375, 330.7086181640625, 46.121437072753906], "direction": [101.42486572265625, 4.891337871551514, 22.95121955871582], "grab": [0.0], "confidence": [0.7368203997612]}}}}