{"/": {"hand": {"1": {"finger": {"2": {"pos": [710.626220703125, 388.7230224609375, 75.18220520019531], "velocity": [182.25999450683594, 665.170654296875, 58.609718322753906], "outstretched": [1]}, "3": {"pos": [777.1027221679688, 390.2373962402344, 68.44158935546875], "velocity": [207.68026733398438, 643.1475219726562, 58.66858673095703], "outstretched": [1]}, "4": {"pos": [823.55908203125, 393.142333984375, 54.667274475097656], "velocity": [230.8270721435547, 608.9071044921875, 57.40892028808594], "outstretched": [1]}, "0": {"pos": [432.2791748046875, 382.15313720703125, 55.03117752075195], "velocity": [274.21783447265625, 656.7274780273438, 60.033931732177734], "outstretched": [1]}, "1": {"pos": [594.494140625, 394.2361755371094, 75.58904266357422], "velocity": [225.40628051757812, 646.57861328125, 57.2249755859375], "outstretched": [1]}}, "pinch": [0.0], "finger_count": [5], "pry": [-24.814496994018555, 12.896086692810059, 17.676965713500977], "sphere": {"pos": [653.6979370117188, 258.529296875, 75.24005126953125], "radius": [151.78013610839844]}, "pos": [628.78369140625, 365.7696838378906, 48.69786834716797], "direction": [34.57721710205078, -24.814496994018555, 17.676965713500977], "grab": [0.0], "confidence": [0.8306843042373657]}}}}