{"/": {"hand": {"1": {"finger": {"2": {"pos": [743.076904296875, 325.32928466796875, 74.26033020019531], "velocity": [300.07373046875, 506.328125, 56.803104400634766], "outstretched": [1]}, "3": {"pos": [807.06787109375, 328.82464599609375, 68.36614990234375], "velocity": [336.6661682128906, 412.4798583984375, 51.88741683959961], "outstretched": [1]}, "4": {"pos": [848.28466796875, 344.4991455078125, 58.01590347290039], "velocity": [307.0942077636719, 479.2272033691406, 48.955265045166016], "outstretched": [1]}, "0": {"pos": [506.32757568359375, 307.646240234375, 56.129638671875], "velocity": [-116.35076904296875, 660.6073608398438, 46.82490539550781], "outstretched": [1]}, "1": {"pos": [642.58935546875, 329.90313720703125, 74.35183715820312], "velocity": [128.46246337890625, 634.9937133789062, 59.988548278808594], "outstretched": [1]}}, "pinch": [0.0], "finger_count": [5], "pry": [4.105187892913818, 7.526489734649658, 17.97296714782715], "sphere": {"pos": [756.1357421875, 219.83917236328125, 56.435359954833984], "radius": [127.45083618164062]}, "pos": [672.3817138671875, 330.8956298828125, 46.76677703857422], "direction": [102.47550964355469, 4.105187892913818, 17.97296714782715], "grab": [0.0], "confidence": [0.6565343737602234]}}}}