{"/": {"hand": {"1": {"finger": {"2": {"pos": [318.07855224609375, 322.6562805175781, 84.63568115234375], "velocity": [549.4481811523438, 672.762939453125, 66.4397964477539], "outstretched": [1]}, "3": {"pos": [340.33001708984375, 343.213623046875, 82.52607727050781], "velocity": [745.7548217773438, 606.0189819335938, 64.55632019042969], "outstretched": [1]}, "4": {"pos": [347.8439025878906, 365.81024169921875, 76.05077362060547], "velocity": [829.0912475585938, 581.1431884765625, 61.68815994262695], "outstretched": [1]}, "0": {"pos": [361.9787902832031, 278.87060546875, 64.8169174194336], "velocity": [-28.72027587890625, 524.9691772460938, 65.16881561279297], "outstretched": [1]}, "1": {"pos": [342.11346435546875, 311.5933837890625, 82.54522705078125], "velocity": [445.63079833984375, 591.271728515625, 64.60122680664062], "outstretched": [1]}}, "pinch": [0.0], "finger_count": [5], "pry": [0.16862094402313232, 86.53456115722656, -1.7843021154403687], "sphere": {"pos": [108.28173828125, 301.1590881347656, 61.45500183105469], "radius": [138.69863891601562]}, "pos": [363.40264892578125, 328.241943359375, 56.53923797607422], "direction": [-95.3968276977539, 0.16862094402313232, -1.7843021154403687], "grab": [0.0], "confidence": [0.5211387276649475]}}}}