{"/": {"hand": {"1": {"finger": {"2": {"pos": [242.5298614501953, 307.1246337890625, 82.62462615966797], "velocity": [593.3712158203125, 479.301025390625, 43.72561264038086], "outstretched": [1]}, "3": {"pos": [262.4564514160156, 329.96185302734375, 81.1907958984375], "velocity": [623.742919921875, 524.1004028320312, 46.522796630859375], "outstretched": [1]}, "4": {"pos": [270.87799072265625, 355.1166687011719, 75.323486328125], "velocity": [645.8960571289062, 515.9198608398438, 45.92976379394531], "outstretched": [1]}, "0": {"pos": [310.7403564453125, 272.752197265625, 62.53471374511719], "velocity": [661.4097900390625, 507.8959655761719, 49.75196838378906], "outstretched": [1]}, "1": {"pos": [271.0059509277344, 298.5881042480469, 80.63861083984375], "velocity": [632.88427734375, 519.0324096679688, 48.02998352050781], "outstretched": [1]}}, "pinch": [0.0], "finger_count": [5], "pry": [5.047137260437012, 91.85184478759766, -5.382533073425293], "sphere": {"pos": [69.13232421875, 281.38690185546875, 57.826026916503906], "radius": [131.64088439941406]}, "pos": [301.8904113769531, 324.62042236328125, 55.27214813232422], "direction": [-133.14793395996094, 5.047137260437012, -5.382533073425293], "grab": [0.0], "confidence": [0.770558774471283]}}}}