{"/": {"hand": {"1": {"finger": {"2": {"pos": [487.60845947265625, 336.8922119140625, 78.66807556152344], "velocity": [378.014404296875, 505.70855712890625, 49.02061080932617], "outstretched": [1]}, "3": {"pos": [538.3176879882812, 345.9542236328125, 75.07093811035156], "velocity": [381.9697265625, 511.7386779785156, 48.27239990234375], "outstretched": [1]}, "4": {"pos": [600.0731811523438, 352.5814208984375, 66.8477783203125], "velocity": [376.83685302734375, 521.0093383789062, 46.87690353393555], "outstretched": [1]}, "0": {"pos": [338.6634521484375, 303.62237548828125, 59.02367401123047], "velocity": [374.6498107910156, 477.7254943847656, 48.59882736206055], "outstretched": [1]}, "1": {"pos": [416.0111083984375, 328.2235412597656, 76.40650177001953], "velocity": [381.0184326171875, 491.7456970214844, 49.79545211791992], "outstretched": [1]}}, "pinch": [0.0], "finger_count": [5], "pry": [-1.7239946126937866, 10.734387397766113, 2.2939934730529785], "sphere": {"pos": [296.4339599609375, 533.786376953125, 48.89396667480469], "radius": [243.2161102294922]}, "pos": [483.0938720703125, 311.501708984375, 50.88972091674805], "direction": [53.080604553222656, -1.7239946126937866, 2.2939934730529785], "grab": [0.0], "confidence": [1.0]}}}}