{"/": {"hand": {"1": {"finger": {"2": {"pos": [562.0421142578125, 464.58551025390625, 83.88760375976562], "velocity": [463.70220947265625, 319.55242919921875, 84.42937469482422], "outstretched": [1]}, "3": {"pos": [613.6531372070312, 462.7607727050781, 80.90878295898438], "velocity": [452.6483459472656, 329.9443359375, 81.5831527709961], "outstretched": [1]}, "4": {"pos": [660.582275390625, 485.4930725097656, 72.24072265625], "velocity": [436.7128601074219, 421.1219177246094, 92.23860168457031], "outstretched": [1]}, "0": {"pos": [400.54425048828125, 439.1006774902344, 64.20767974853516], "velocity": [320.08465576171875, 452.7540283203125, 67.3817138671875], "outstretched": [1]}, "1": {"pos": [516.8367919921875, 451.9031982421875, 81.88443756103516], "velocity": [590.693603515625, 322.7464904785156, 76.09149169921875], "outstretched": [1]}}, "pinch": [0.0], "finger_count": [5], "pry": [-8.477190017700195, 31.164440155029297, 2.4150075912475586], "sphere": {"pos": [641.8908081054688, 380.25677490234375, 69.95211791992188], "radius": [102.59618377685547]}, "pos": [541.1925659179688, 450.286376953125, 55.745601654052734], "direction": [15.799859046936035, -8.477190017700195, 2.4150075912475586], "grab": [0.0], "confidence": [0.08656638860702515]}}}}