{"/": {"hand": {"1": {"finger": {"2": {"pos": [319.72802734375, 312.002685546875, 85.17662048339844], "velocity": [210.80955505371094, 531.8759155273438, 44.763431549072266], "outstretched": [1]}, "3": {"pos": [326.84515380859375, 330.23486328125, 83.09163665771484], "velocity": [183.2617950439453, 496.2981262207031, 42.56979751586914], "outstretched": [1]}, "4": {"pos": [316.852783203125, 354.501220703125, 77.21222686767578], "velocity": [187.24441528320312, 496.72625732421875, 41.247291564941406], "outstretched": [1]}, "0": {"pos": [362.80926513671875, 276.1339111328125, 63.36931610107422], "velocity": [214.25921630859375, 488.3130187988281, 45.72064208984375], "outstretched": [1]}, "1": {"pos": [346.7894287109375, 299.7503662109375, 82.21975708007812], "velocity": [179.8603515625, 501.9336853027344, 44.60261535644531], "outstretched": [1]}}, "pinch": [0.0], "finger_count": [5], "pry": [4.588104724884033, 101.43750762939453, 7.999990940093994], "sphere": {"pos": [131.80935668945312, 274.5426025390625, 65.68423461914062], "radius": [122.10033416748047]}, "pos": [324.13970947265625, 325.66522216796875, 56.71044921875], "direction": [119.72648620605469, 4.588104724884033, 7.999990940093994], "grab": [0.0], "confidence": [0.833572268486023]}}}}