{"/": {"hand": {"1": {"finger": {"2": {"pos": [776.524169921875, 325.4124450683594, 77.34619140625], "velocity": [1076.561279296875, 460.1761779785156, 29.462966918945312], "outstretched": [1]}, "3": {"pos": [783.32763671875, 348.3681335449219, 74.98300170898438], "velocity": [1051.194580078125, 495.9936828613281, 29.309457778930664], "outstretched": [1]}, "4": {"pos": [780.3310546875, 371.5404052734375, 68.90182495117188], "velocity": [1048.860595703125, 494.73944091796875, 28.024372100830078], "outstretched": [1]}, "0": {"pos": [726.3919677734375, 295.9138488769531, 56.56435775756836], "velocity": [957.6483154296875, 481.04010009765625, 34.780906677246094], "outstretched": [1]}, "1": {"pos": [766.6873168945312, 311.3052062988281, 74.53176879882812], "velocity": [1030.3809814453125, 471.3153381347656, 31.91172218322754], "outstretched": [1]}}, "pinch": [0.0], "finger_count": [5], "pry": [7.132648944854736, 73.28649139404297, 15.998805046081543], "sphere": {"pos": [619.8947143554688, 334.3028564453125, 61.69293975830078], "radius": [84.52686309814453]}, "pos": [731.5963745117188, 343.4764099121094, 49.33466339111328], "direction": [113.57803344726562, 7.132648944854736, 15.998805046081543], "grab": [0.0], "confidence": [0.936575710773468]}}}}