{"/": {"hand": {"1": {"finger": {"2": {"pos": [494.9858093261719, 338.16119384765625, 78.59168243408203], "velocity": [366.43695068359375, 495.1394958496094, 49.702449798583984], "outstretched": [1]}, "3": {"pos": [547.8851318359375, 344.4578552246094, 75.41058349609375], "velocity": [365.06109619140625, 496.52618408203125, 50.17729187011719], "outstretched": [1]}, "4": {"pos": [610.899658203125, 348.1732177734375, 67.72919464111328], "velocity": [365.8865051269531, 505.4697570800781, 49.93522644042969], "outstretched": [1]}, "0": {"pos": [348.41351318359375, 315.80535888671875, 58.996124267578125], "velocity": [378.89544677734375, 469.7808837890625, 49.3441276550293], "outstretched": [1]}, "1": {"pos": [422.56817626953125, 334.15673828125, 76.09695434570312], "velocity": [369.05902099609375, 483.6972961425781, 49.83675003051758], "outstretched": [1]}}, "pinch": [0.0], "finger_count": [5], "pry": [-0.26640504598617554, 6.816677570343018, 1.16311776638031], "sphere": {"pos": [333.20281982421875, 567.562744140625, 50.686187744140625], "radius": [263.7339782714844]}, "pos": [489.6082763671875, 318.21197509765625, 52.41377639770508], "direction": [77.10089111328125, -0.26640504598617554, 1.16311776638031], "grab": [0.0], "confidence": [0.910771906375885]}}}}