{"/": {"hand": {"1": {"finger": {"2": {"pos": [494.1532287597656, 335.087890625, 81.46610260009766], "velocity": [344.0321960449219, 503.37286376953125, 54.08477020263672], "outstretched": [1]}, "3": {"pos": [502.63067626953125, 353.74072265625, 78.33676147460938], "velocity": [290.06854248046875, 531.9496459960938, 53.26520919799805], "outstretched": [1]}, "4": {"pos": [507.9252014160156, 370.712890625, 71.5330810546875], "velocity": [243.09754943847656, 529.3375854492188, 53.05593490600586], "outstretched": [1]}, "0": {"pos": [447.9404296875, 296.7187194824219, 62.551631927490234], "velocity": [384.4624328613281, 508.049560546875, 52.93949890136719], "outstretched": [0]}, "1": {"pos": [483.8873291015625, 319.03375244140625, 79.17757415771484], "velocity": [380.2540283203125, 534.3986206054688, 52.977291107177734], "outstretched": [1]}}, "pinch": [0.0], "finger_count": [4], "pry": [1.171494722366333, 63.59790802001953, 12.609979629516602], "sphere": {"pos": [95.01434326171875, 375.6012268066406, 64.95712280273438], "radius": [208.03936767578125]}, "pos": [484.15643310546875, 332.3331298828125, 52.84490203857422], "direction": [95.22288513183594, 1.171494722366333, 12.609979629516602], "grab": [0.0], "confidence": [0.946814775466919]}}}}