{"/": {"hand": {"1": {"finger": {"2": {"pos": [504.419189453125, 390.54156494140625, 59.043968200683594], "velocity": [307.1691589355469, 512.0830688476562, 49.30989456176758], "outstretched": [0]}, "3": {"pos": [518.6542358398438, 401.39788818359375, 54.28147506713867], "velocity": [375.18170166015625, 515.4874267578125, 56.26311111450195], "outstretched": [0]}, "4": {"pos": [549.2642211914062, 407.82904052734375, 51.07963943481445], "velocity": [360.7171936035156, 512.8154296875, 55.36044692993164], "outstretched": [0]}, "0": {"pos": [494.4725341796875, 375.7781066894531, 59.0848388671875], "velocity": [363.461669921875, 496.0433654785156, 57.70021438598633], "outstretched": [0]}, "1": {"pos": [532.3733520507812, 373.4466247558594, 65.2002182006836], "velocity": [382.4493408203125, 511.1895751953125, 57.890350341796875], "outstretched": [0]}}, "pinch": [1.0], "finger_count": [0], "pry": [-11.109027862548828, 53.46003723144531, 28.06056022644043], "sphere": {"pos": [518.191162109375, 391.5028076171875, 53.509239196777344], "radius": [43.0646858215332]}, "pos": [566.0004272460938, 361.3253173828125, 45.80447769165039], "direction": [69.77863311767578, -11.109027862548828, 28.06056022644043], "grab": [1.0], "confidence": [0.5287774205207825]}}}}