{"/": {"hand": {"1": {"finger": {"2": {"pos": [764.223388671875, 347.03192138671875, 73.57999420166016], "velocity": [333.8282470703125, 618.0659790039062, 52.56813049316406], "outstretched": [1]}, "3": {"pos": [826.1066284179688, 349.9450988769531, 66.90431213378906], "velocity": [330.9561767578125, 638.1911010742188, 52.16177749633789], "outstretched": [1]}, "4": {"pos": [868.0233154296875, 362.95855712890625, 53.58536911010742], "velocity": [339.7286682128906, 571.1738891601562, 46.71980285644531], "outstretched": [1]}, "0": {"pos": [470.328857421875, 347.9130859375, 54.61863708496094], "velocity": [307.14715576171875, 628.2454833984375, 46.321937561035156], "outstretched": [1]}, "1": {"pos": [643.4803466796875, 360.86883544921875, 74.6707992553711], "velocity": [339.3666076660156, 571.1455688476562, 51.95157241821289], "outstretched": [1]}}, "pinch": [0.0], "finger_count": [5], "pry": [-13.908913612365723, 7.751115798950195, 19.743078231811523], "sphere": {"pos": [700.9065551757812, 191.594970703125, 69.92583465576172], "radius": [177.56149291992188]}, "pos": [671.3865356445312, 344.21820068359375, 47.01831817626953], "direction": [55.39444351196289, -13.908913612365723, 19.743078231811523], "grab": [0.0], "confidence": [0.7404847741127014]}}}}