{"/": {"hand": {"1": {"finger": {"2": {"pos": [623.4029541015625, 468.4559326171875, 82.6236572265625], "velocity": [446.50775146484375, 466.3553161621094, 80.01603698730469], "outstretched": [1]}, "3": {"pos": [693.173583984375, 471.9391784667969, 78.09680938720703], "velocity": [441.1742858886719, 521.592529296875, 79.20367431640625], "outstretched": [1]}, "4": {"pos": [748.8604736328125, 486.98388671875, 67.25337219238281], "velocity": [408.1656799316406, 610.96533203125, 82.75718688964844], "outstretched": [1]}, "0": {"pos": [400.2889709472656, 438.833251953125, 58.842857360839844], "velocity": [410.35162353515625, 520.3365478515625, 67.2469711303711], "outstretched": [1]}, "1": {"pos": [535.8289184570312, 457.0872802734375, 81.12649536132812], "velocity": [484.5489196777344, 442.3578796386719, 77.76887512207031], "outstretched": [1]}}, "pinch": [0.0], "finger_count": [5], "pry": [-18.120864868164062, 23.03737449645996, 0.9421511292457581], "sphere": {"pos": [646.9395141601562, 332.5517578125, 76.4317398071289], "radius": [150.13377380371094]}, "pos": [584.6013793945312, 454.1262512207031, 54.28971481323242], "direction": [2.8768038749694824, -18.120864868164062, 0.9421511292457581], "grab": [0.0], "confidence": [0.07037753611803055]}}}}