{"/": {"hand": {"1": {"finger": {"2": {"pos": [523.3544311523438, 388.4219055175781, 59.368492126464844], "velocity": [216.39659118652344, 509.07366943359375, 40.46052932739258], "outstretched": [0]}, "3": {"pos": [529.7723388671875, 400.4112548828125, 54.264564514160156], "velocity": [255.4540557861328, 489.1183166503906, 37.14414596557617], "outstretched": [0]}, "4": {"pos": [558.109375, 407.32275390625, 50.77064514160156], "velocity": [291.0825500488281, 491.6182556152344, 41.520652770996094], "outstretched": [0]}, "0": {"pos": [504.1497802734375, 378.32373046875, 57.950836181640625], "velocity": [281.10845947265625, 455.5888366699219, 49.42882537841797], "outstretched": [0]}, "1": {"pos": [539.7493896484375, 371.64715576171875, 64.390869140625], "velocity": [300.7098083496094, 503.82720947265625, 45.449100494384766], "outstretched": [0]}}, "pinch": [1.0], "finger_count": [0], "pry": [-12.031529426574707, 54.530826568603516, 29.302066802978516], "sphere": {"pos": [523.3920288085938, 383.6373596191406, 53.37067794799805], "radius": [42.24368667602539]}, "pos": [569.4835815429688, 359.89208984375, 44.849246978759766], "direction": [69.20500946044922, -12.031529426574707, 29.302066802978516], "grab": [1.0], "confidence": [0.6098697781562805]}}}}