{"/": {"hand": {"1": {"finger": {"2": {"pos": [537.4169921875, 424.74468994140625, 59.14202880859375], "velocity": [698.9946899414062, 506.31585693359375, 58.949546813964844], "outstretched": [0]}, "3": {"pos": [566.0858154296875, 431.458740234375, 57.132904052734375], "velocity": [723.70849609375, 475.1100769042969, 63.56529235839844], "outstretched": [0]}, "4": {"pos": [603.5545654296875, 430.60113525390625, 55.955448150634766], "velocity": [760.8766479492188, 425.8603515625, 75.01412963867188], "outstretched": [0]}, "0": {"pos": [510.90960693359375, 401.39404296875, 64.07609558105469], "velocity": [584.8011474609375, 520.702392578125, 75.06358337402344], "outstretched": [0]}, "1": {"pos": [524.9629516601562, 415.2489929199219, 60.7548713684082], "velocity": [556.516357421875, 536.7423095703125, 12.546581268310547], "outstretched": [0]}}, "pinch": [0.9942795634269714], "finger_count": [0], "pry": [22.031112670898438, 20.837730407714844, 28.321069717407227], "sphere": {"pos": [576.524658203125, 423.42242431640625, 59.081581115722656], "radius": [39.15190887451172]}, "pos": [583.5517578125, 389.6185302734375, 50.360836029052734], "direction": [126.90177917480469, 22.031112670898438, 28.321069717407227], "grab": [1.0], "confidence": [0.3661901652812958]}}}}