{"/": {"hand": {"1": {"finger": {"2": {"pos": [746.616455078125, 325.3310546875, 74.47618865966797], "velocity": [434.00341796875, 493.37408447265625, 53.21479797363281], "outstretched": [1]}, "3": {"pos": [810.6879272460938, 326.1170959472656, 68.35372161865234], "velocity": [445.4403076171875, 443.9459228515625, 49.16391372680664], "outstretched": [1]}, "4": {"pos": [852.0452880859375, 344.06494140625, 57.562164306640625], "velocity": [449.6075439453125, 487.2518310546875, 43.22117614746094], "outstretched": [1]}, "0": {"pos": [488.7147216796875, 317.102294921875, 55.957725524902344], "velocity": [171.3388214111328, 642.5588989257812, 47.367454528808594], "outstretched": [1]}, "1": {"pos": [637.491455078125, 337.37548828125, 74.8193130493164], "velocity": [344.0282287597656, 591.2181396484375, 56.562931060791016], "outstretched": [1]}}, "pinch": [0.0], "finger_count": [5], "pry": [1.6036967039108276, 4.708465576171875, 17.85024642944336], "sphere": {"pos": [743.9542846679688, 169.657470703125, 58.99470520019531], "radius": [173.3750762939453]}, "pos": [669.8277587890625, 332.108154296875, 47.21208953857422], "direction": [94.96871948242188, 1.6036967039108276, 17.85024642944336], "grab": [0.0], "confidence": [0.7044175267219543]}}}}