{"/": {"hand": {"1": {"finger": {"2": {"pos": [482.3434753417969, 330.97137451171875, 82.61741638183594], "velocity": [280.437255859375, 438.2127990722656, 66.24714660644531], "outstretched": [1]}, "3": {"pos": [487.5228576660156, 351.6226806640625, 79.69294738769531], "velocity": [251.11358642578125, 472.08233642578125, 69.29389190673828], "outstretched": [1]}, "4": {"pos": [485.5555114746094, 369.80975341796875, 73.06564331054688], "velocity": [196.08522033691406, 483.25946044921875, 72.05486297607422], "outstretched": [1]}, "0": {"pos": [442.5285339355469, 295.10662841796875, 63.29298400878906], "velocity": [328.87994384765625, 476.0085754394531, 60.3516845703125], "outstretched": [0]}, "1": {"pos": [477.0899963378906, 317.4337463378906, 80.10474395751953], "velocity": [310.0306396484375, 464.35009765625, 63.6819953918457], "outstretched": [1]}}, "pinch": [0.0], "finger_count": [4], "pry": [2.08673095703125, 70.63156127929688, 13.85991382598877], "sphere": {"pos": [78.501708984375, 350.3816833496094, 67.66889953613281], "radius": [205.3567657470703]}, "pos": [466.04412841796875, 334.1758728027344, 53.99568557739258], "direction": [98.40047454833984, 2.08673095703125, 13.85991382598877], "grab": [0.0], "confidence": [0.9118849635124207]}}}}