{"/": {"hand": {"1": {"finger": {"2": {"pos": [370.9268493652344, 307.39373779296875, 86.9194107055664], "velocity": [145.11709594726562, 487.6242980957031, 47.801082611083984], "outstretched": [1]}, "3": {"pos": [377.6855773925781, 331.53826904296875, 85.21553039550781], "velocity": [156.2582550048828, 467.2874755859375, 47.100704193115234], "outstretched": [1]}, "4": {"pos": [366.22161865234375, 355.0738525390625, 79.56246948242188], "velocity": [161.88735961914062, 474.3487243652344, 47.154937744140625], "outstretched": [1]}, "0": {"pos": [404.8272705078125, 278.4710693359375, 64.71340942382812], "velocity": [192.98081970214844, 480.2662048339844, 48.10624313354492], "outstretched": [1]}, "1": {"pos": [396.8634338378906, 299.113525390625, 83.86229705810547], "velocity": [166.58177185058594, 481.1776123046875, 48.025611877441406], "outstretched": [1]}}, "pinch": [0.0], "finger_count": [5], "pry": [7.110090255737305, 99.85138702392578, 10.579566955566406], "sphere": {"pos": [156.31849670410156, 271.99237060546875, 68.09571075439453], "radius": [132.3077850341797]}, "pos": [366.5506286621094, 329.31878662109375, 58.77583312988281], "direction": [123.73638153076172, 7.110090255737305, 10.579566955566406], "grab": [0.0], "confidence": [0.7448251843452454]}}}}