{"/": {"hand": {"1": {"finger": {"2": {"pos": [483.2379455566406, 326.40435791015625, 78.90414428710938], "velocity": [382.8277893066406, 470.69476318359375, 50.356021881103516], "outstretched": [1]}, "3": {"pos": [533.39794921875, 341.44171142578125, 74.96393585205078], "velocity": [374.6645202636719, 487.847900390625, 49.602970123291016], "outstretched": [1]}, "4": {"pos": [590.6004028320312, 352.4892578125, 66.52510070800781], "velocity": [351.2551574707031, 496.40679931640625, 50.94548034667969], "outstretched": [1]}, "0": {"pos": [339.8994445800781, 281.3963317871094, 58.819149017333984], "velocity": [434.26446533203125, 443.1574401855469, 50.370750427246094], "outstretched": [1]}, "1": {"pos": [414.22796630859375, 312.5246887207031, 76.7030029296875], "velocity": [413.537841796875, 449.6971435546875, 50.73186111450195], "outstretched": [1]}}, "pinch": [0.0], "finger_count": [5], "pry": [-3.5058186054229736, 19.01095962524414, 2.149496555328369], "sphere": {"pos": [227.531982421875, 512.7106323242188, 48.6285514831543], "radius": [249.5880584716797]}, "pos": [484.0008850097656, 302.27099609375, 50.9033088684082], "direction": [31.493492126464844, -3.5058186054229736, 2.149496555328369], "grab": [0.0], "confidence": [1.0]}}}}