{"/": {"hand": {"1": {"finger": {"2": {"pos": [509.3753356933594, 389.8204040527344, 59.05986785888672], "velocity": [271.45489501953125, 512.2206420898438, 50.61826705932617], "outstretched": [0]}, "3": {"pos": [520.007568359375, 400.6293029785156, 53.96284484863281], "velocity": [323.6964416503906, 510.4925537109375, 53.5113410949707], "outstretched": [0]}, "4": {"pos": [551.003173828125, 407.2374267578125, 50.775943756103516], "velocity": [336.9853515625, 510.3879699707031, 55.69992446899414], "outstretched": [0]}, "0": {"pos": [495.903076171875, 375.96405029296875, 58.62321472167969], "velocity": [329.40875244140625, 493.2463073730469, 58.200260162353516], "outstretched": [0]}, "1": {"pos": [533.1683959960938, 372.82208251953125, 64.7660903930664], "velocity": [340.4790344238281, 510.02099609375, 57.73453140258789], "outstretched": [0]}}, "pinch": [1.0], "finger_count": [0], "pry": [-11.676302909851074, 53.63984680175781, 28.468046188354492], "sphere": {"pos": [518.44189453125, 389.43994140625, 53.20012664794922], "radius": [42.87818145751953]}, "pos": [565.6412353515625, 360.35205078125, 45.34507369995117], "direction": [69.13690948486328, -11.676302909851074, 28.468046188354492], "grab": [1.0], "confidence": [0.537846028804779]}}}}