{"/": {"hand": {"1": {"finger": {"2": {"pos": [253.0046844482422, 307.6043395996094, 82.6539077758789], "velocity": [681.1158447265625, 502.09722900390625, 49.590187072753906], "outstretched": [1]}, "3": {"pos": [272.79986572265625, 331.7119140625, 81.22221374511719], "velocity": [682.9862060546875, 543.1611328125, 50.319400787353516], "outstretched": [1]}, "4": {"pos": [281.3783874511719, 356.413818359375, 75.27851867675781], "velocity": [694.8516845703125, 530.6126708984375, 48.62127685546875], "outstretched": [1]}, "0": {"pos": [323.99981689453125, 273.5653991699219, 62.818450927734375], "velocity": [751.1806640625, 517.8710327148438, 55.93901062011719], "outstretched": [1]}, "1": {"pos": [282.4251403808594, 300.15545654296875, 80.78900146484375], "velocity": [707.1431884765625, 535.7012939453125, 52.991641998291016], "outstretched": [1]}}, "pinch": [0.0], "finger_count": [5], "pry": [3.447200298309326, 94.02759552001953, -5.352140426635742], "sphere": {"pos": [93.43637084960938, 278.2988586425781, 58.44331741333008], "radius": [130.59458923339844]}, "pos": [320.7547912597656, 325.0533752441406, 55.51567840576172], "direction": [-122.7402114868164, 3.447200298309326, -5.352140426635742], "grab": [0.0], "confidence": [0.6475679278373718]}}}}