{"/": {"hand": {"1": {"finger": {"2": {"pos": [541.8903198242188, 393.0909423828125, 62.030853271484375], "velocity": [387.273681640625, 455.0994873046875, 25.808422088623047], "outstretched": [0]}, "3": {"pos": [554.9351196289062, 408.76068115234375, 58.037899017333984], "velocity": [389.943603515625, 449.5994873046875, 27.878339767456055], "outstretched": [0]}, "4": {"pos": [572.4810180664062, 415.3077697753906, 53.59883499145508], "velocity": [404.97052001953125, 430.06634521484375, 27.381629943847656], "outstretched": [0]}, "0": {"pos": [515.4806518554688, 392.1435546875, 59.22553634643555], "velocity": [415.9085998535156, 439.7574462890625, 29.291484832763672], "outstretched": [0]}, "1": {"pos": [550.892333984375, 377.84466552734375, 66.83592987060547], "velocity": [359.7001647949219, 461.5407409667969, 29.056148529052734], "outstretched": [0]}}, "pinch": [1.0], "finger_count": [0], "pry": [-13.489176750183105, 54.34309768676758, 30.42230224609375], "sphere": {"pos": [535.3110961914062, 378.4742736816406, 56.91862106323242], "radius": [43.405033111572266]}, "pos": [576.9600830078125, 364.7018737792969, 47.21104431152344], "direction": [67.7800064086914, -13.489176750183105, 30.42230224609375], "grab": [1.0], "confidence": [0.6410579085350037]}}}}