{"/": {"hand": {"1": {"finger": {"2": {"pos": [615.8563232421875, 390.3406982421875, 84.26606750488281], "velocity": [295.52032470703125, 596.5689086914062, 18.40294647216797], "outstretched": [1]}, "3": {"pos": [658.7318115234375, 405.5075988769531, 80.52693176269531], "velocity": [211.08282470703125, 581.9971313476562, 14.517875671386719], "outstretched": [1]}, "4": {"pos": [689.4471435546875, 444.8783874511719, 72.27467346191406], "velocity": [149.9546356201172, 539.2454833984375, -4.8699188232421875], "outstretched": [1]}, "0": {"pos": [361.4976501464844, 368.849853515625, 63.314720153808594], "velocity": [372.4384460449219, 326.75439453125, 39.73220443725586], "outstretched": [1]}, "1": {"pos": [534.8388671875, 371.1619873046875, 83.16836547851562], "velocity": [140.53347778320312, 495.7330322265625, 29.257490158081055], "outstretched": [1]}}, "pinch": [0.0], "finger_count": [5], "pry": [9.366007804870605, 33.697269439697266, 9.748498916625977], "sphere": {"pos": [668.4625244140625, 307.64862060546875, 62.720069885253906], "radius": [132.4718780517578]}, "pos": [518.0177001953125, 421.5781555175781, 59.39013671875], "direction": [133.83209228515625, 9.366007804870605, 9.748498916625977], "grab": [0.0], "confidence": [0.3031555712223053]}}}}