{"/": {"hand": {"1": {"finger": {"2": {"pos": [580.2116088867188, 319.3987731933594, 86.59764099121094], "velocity": [540.70263671875, 779.5870361328125, 23.688030242919922], "outstretched": [1]}, "3": {"pos": [642.246826171875, 331.221923828125, 81.47895812988281], "velocity": [510.18218994140625, 719.034912109375, 16.906356811523438], "outstretched": [1]}, "4": {"pos": [696.7114868164062, 351.089111328125, 69.71263122558594], "velocity": [546.943359375, 604.1668090820312, 5.344593048095703], "outstretched": [1]}, "0": {"pos": [342.4995422363281, 315.3349609375, 64.91778564453125], "velocity": [534.539306640625, 674.8489990234375, 35.49506759643555], "outstretched": [1]}, "1": {"pos": [482.38916015625, 315.6119079589844, 85.72734069824219], "velocity": [546.4459228515625, 830.265869140625, 28.33491325378418], "outstretched": [1]}}, "pinch": [0.0], "finger_count": [5], "pry": [-18.17814064025879, 21.385236740112305, 9.182941436767578], "sphere": {"pos": [563.763916015625, 223.12149047851562, 77.75957489013672], "radius": [121.4555892944336]}, "pos": [530.18603515625, 316.711669921875, 58.380252838134766], "direction": [26.212034225463867, -18.17814064025879, 9.182941436767578], "grab": [0.0], "confidence": [0.9662766456604004]}}}}