{"/": {"hand": {"1": {"finger": {"2": {"pos": [616.9742431640625, 382.2080993652344, 83.035888671875], "velocity": [402.5372314453125, 536.5704345703125, 53.811256408691406], "outstretched": [1]}, "3": {"pos": [625.5667724609375, 419.2418212890625, 80.23970794677734], "velocity": [319.44964599609375, 559.8583984375, 49.658817291259766], "outstretched": [1]}, "4": {"pos": [586.6448974609375, 462.1990661621094, 73.45579528808594], "velocity": [13.0418701171875, 554.4276733398438, 56.18096923828125], "outstretched": [1]}, "0": {"pos": [366.02667236328125, 324.4949951171875, 64.30931091308594], "velocity": [482.828125, 481.4690856933594, 59.51832962036133], "outstretched": [1]}, "1": {"pos": [556.6943969726562, 338.4256591796875, 81.66266632080078], "velocity": [562.83447265625, 484.1400146484375, 49.731178283691406], "outstretched": [1]}}, "pinch": [0.0], "finger_count": [5], "pry": [5.411194324493408, 67.3252944946289, 13.268622398376465], "sphere": {"pos": [674.3762817382812, 338.65252685546875, 65.07456970214844], "radius": [110.05139923095703]}, "pos": [492.634033203125, 391.2147521972656, 58.886287689208984], "direction": [111.88518524169922, 5.411194324493408, 13.268622398376465], "grab": [0.0], "confidence": [0.5997169613838196]}}}}