{"/": {"hand": {"1": {"finger": {"2": {"pos": [618.8621826171875, 390.6368713378906, 85.76718139648438], "velocity": [266.1267395019531, 776.4959106445312, 26.486528396606445], "outstretched": [1]}, "3": {"pos": [664.3458251953125, 406.30963134765625, 82.06222534179688], "velocity": [195.61175537109375, 690.0110473632812, 9.872268676757812], "outstretched": [1]}, "4": {"pos": [695.83544921875, 446.97784423828125, 74.26007080078125], "velocity": [148.17872619628906, 601.37255859375, -28.48131561279297], "outstretched": [1]}, "0": {"pos": [362.8878479003906, 374.3930969238281, 63.99850845336914], "velocity": [291.2391357421875, 328.34674072265625, 39.286251068115234], "outstretched": [1]}, "1": {"pos": [543.255859375, 373.4383544921875, 84.28607177734375], "velocity": [146.05606079101562, 625.1209716796875, 35.33538055419922], "outstretched": [1]}}, "pinch": [0.0], "finger_count": [5], "pry": [11.849369049072266, 33.88663101196289, 9.417786598205566], "sphere": {"pos": [670.8511962890625, 305.7743835449219, 63.173980712890625], "radius": [136.70274353027344]}, "pos": [524.8925170898438, 426.2839660644531, 61.00416564941406], "direction": [141.6714630126953, 11.849369049072266, 9.417786598205566], "grab": [0.0], "confidence": [0.2424016296863556]}}}}