{"/": {"hand": {"1": {"finger": {"2": {"pos": [480.0996398925781, 322.30670166015625, 79.36161041259766], "velocity": [350.66204833984375, 502.6670227050781, 53.98460388183594], "outstretched": [1]}, "3": {"pos": [518.2379150390625, 340.77142333984375, 75.59246063232422], "velocity": [319.54913330078125, 496.7308654785156, 57.47386932373047], "outstretched": [1]}, "4": {"pos": [565.1760864257812, 355.0156555175781, 68.01372528076172], "velocity": [203.97100830078125, 498.762939453125, 64.2326889038086], "outstretched": [1]}, "0": {"pos": [369.19427490234375, 271.0600891113281, 59.766361236572266], "velocity": [670.0079345703125, 546.5996704101562, 66.54594421386719], "outstretched": [1]}, "1": {"pos": [426.5031433105469, 303.92333984375, 77.11172485351562], "velocity": [448.7701416015625, 501.24444580078125, 52.90425491333008], "outstretched": [1]}}, "pinch": [0.0], "finger_count": [5], "pry": [-1.563212513923645, 30.722291946411133, 1.9922189712524414], "sphere": {"pos": [190.1358642578125, 470.7982177734375, 50.83913803100586], "radius": [229.6797637939453]}, "pos": [492.8293762207031, 300.8007507324219, 51.31087112426758], "direction": [51.884483337402344, -1.563212513923645, 1.9922189712524414], "grab": [0.0], "confidence": [1.0]}}}}