{"/": {"hand": {"1": {"finger": {"2": {"pos": [637.30419921875, 385.44281005859375, 84.9942626953125], "velocity": [425.73736572265625, 387.6639709472656, 42.15251922607422], "outstretched": [1]}, "3": {"pos": [689.3012084960938, 404.9808654785156, 81.93656158447266], "velocity": [274.1354064941406, 356.7613525390625, 47.33134460449219], "outstretched": [1]}, "4": {"pos": [723.9932250976562, 450.2010192871094, 76.17506408691406], "velocity": [285.1851501464844, 355.9599914550781, 47.383243560791016], "outstretched": [1]}, "0": {"pos": [376.9462585449219, 399.1946105957031, 63.95759201049805], "velocity": [264.868896484375, 370.79791259765625, 56.40165328979492], "outstretched": [1]}, "1": {"pos": [566.0554809570312, 375.8089599609375, 83.19822692871094], "velocity": [269.97149658203125, 372.1501159667969, 50.53506088256836], "outstretched": [1]}}, "pinch": [0.0], "finger_count": [5], "pry": [23.82956886291504, 32.94126510620117, 10.494552612304688], "sphere": {"pos": [673.298828125, 311.582763671875, 57.81777572631836], "radius": [144.08775329589844]}, "pos": [549.23828125, 444.61334228515625, 62.770198822021484], "direction": [157.24630737304688, 23.82956886291504, 10.494552612304688], "grab": [0.0], "confidence": [0.2783393859863281]}}}}