{"/": {"hand": {"1": {"finger": {"2": {"pos": [748.7208251953125, 323.7754821777344, 73.94456481933594], "velocity": [196.69862365722656, 476.11077880859375, 56.85154342651367], "outstretched": [1]}, "3": {"pos": [811.518798828125, 331.1149597167969, 68.26826477050781], "velocity": [272.0133972167969, 388.51690673828125, 52.92115020751953], "outstretched": [1]}, "4": {"pos": [854.1397094726562, 344.748779296875, 58.09617233276367], "velocity": [276.142578125, 384.0062255859375, 51.08389663696289], "outstretched": [1]}, "0": {"pos": [533.2765502929688, 299.6734619140625, 56.1895637512207], "velocity": [-309.88909912109375, 634.8152465820312, 43.03300476074219], "outstretched": [1]}, "1": {"pos": [657.694580078125, 322.0126037597656, 73.84007263183594], "velocity": [-94.1593017578125, 606.5686645507812, 59.84164047241211], "outstretched": [1]}}, "pinch": [0.0], "finger_count": [5], "pry": [6.3919148445129395, 10.712934494018555, 18.750192642211914], "sphere": {"pos": [740.7828369140625, 286.7122802734375, 55.92371368408203], "radius": [74.04717254638672]}, "pos": [682.7474975585938, 330.17626953125, 46.3155517578125], "direction": [108.26348876953125, 6.3919148445129395, 18.750192642211914], "grab": [0.0], "confidence": [0.5768893957138062]}}}}