{"/": {"hand": {"1": {"finger": {"2": {"pos": [575.650390625, 305.1399841308594, 89.02555084228516], "velocity": [387.96368408203125, 259.9715576171875, 46.686248779296875], "outstretched": [1]}, "3": {"pos": [630.035400390625, 327.950439453125, 85.751953125], "velocity": [403.4757995605469, 263.20172119140625, 48.79990005493164], "outstretched": [1]}, "4": {"pos": [666.9332275390625, 374.01690673828125, 77.97254943847656], "velocity": [399.2859802246094, 278.67474365234375, 54.26677322387695], "outstretched": [1]}, "0": {"pos": [326.0730895996094, 312.13629150390625, 67.09063720703125], "velocity": [408.39923095703125, 339.97357177734375, 48.68040084838867], "outstretched": [1]}, "1": {"pos": [481.3957824707031, 287.011962890625, 86.70989227294922], "velocity": [380.4970703125, 260.74700927734375, 43.00288009643555], "outstretched": [1]}}, "pinch": [0.0], "finger_count": [5], "pry": [5.707721710205078, 32.390289306640625, 7.4111738204956055], "sphere": {"pos": [590.52587890625, 235.71435546875, 70.38401794433594], "radius": [120.30069732666016]}, "pos": [508.297119140625, 348.4077453613281, 63.49580383300781], "direction": [127.53845977783203, 5.707721710205078, 7.4111738204956055], "grab": [0.0], "confidence": [0.8968663215637207]}}}}