{"/": {"hand": {"1": {"finger": {"2": {"pos": [496.9386901855469, 332.3536376953125, 80.80195617675781], "velocity": [488.7997741699219, 537.7703857421875, 55.174598693847656], "outstretched": [1]}, "3": {"pos": [514.3258056640625, 349.005126953125, 77.66993713378906], "velocity": [432.32989501953125, 541.9886474609375, 54.76457595825195], "outstretched": [1]}, "4": {"pos": [529.1842041015625, 364.7655944824219, 70.82596588134766], "velocity": [366.1386413574219, 551.525390625, 54.03946304321289], "outstretched": [1]}, "0": {"pos": [442.72369384765625, 293.13165283203125, 62.105499267578125], "velocity": [514.8634643554688, 522.9326171875, 54.27971649169922], "outstretched": [0]}, "1": {"pos": [478.77099609375, 313.1902160644531, 78.70475769042969], "velocity": [511.9375915527344, 540.115234375, 54.725677490234375], "outstretched": [1]}}, "pinch": [0.0], "finger_count": [4], "pry": [1.4516979455947876, 54.65131759643555, 9.642107963562012], "sphere": {"pos": [100.79867553710938, 409.3868713378906, 60.935428619384766], "radius": [222.06881713867188]}, "pos": [500.3259582519531, 324.0046691894531, 52.3145866394043], "direction": [98.48402404785156, 1.4516979455947876, 9.642107963562012], "grab": [0.0], "confidence": [0.9764814972877502]}}}}