{"/": {"hand": {"1": {"finger": {"2": {"pos": [634.426025390625, 438.13812255859375, 80.6486587524414], "velocity": [105.21670532226562, 577.3070068359375, 94.101318359375], "outstretched": [1]}, "3": {"pos": [707.6121826171875, 437.3766784667969, 74.25141143798828], "velocity": [127.17849731445312, 637.4254760742188, 95.9417724609375], "outstretched": [1]}, "4": {"pos": [766.4869384765625, 432.9710693359375, 60.47905349731445], "velocity": [185.8846435546875, 718.14306640625, 95.52729797363281], "outstretched": [1]}, "0": {"pos": [376.72088623046875, 437.4923095703125, 59.63395690917969], "velocity": [218.66180419921875, 580.248046875, 88.70335388183594], "outstretched": [1]}, "1": {"pos": [527.2711181640625, 440.8711242675781, 80.36957550048828], "velocity": [105.73187255859375, 521.9322509765625, 91.12510681152344], "outstretched": [1]}}, "pinch": [0.0], "finger_count": [5], "pry": [-20.525161743164062, 8.322120666503906, 15.97292423248291], "sphere": {"pos": [583.7166137695312, 285.8760986328125, 80.4925537109375], "radius": [169.3372802734375]}, "pos": [567.2518310546875, 418.2730712890625, 53.78432846069336], "direction": [37.399497985839844, -20.525161743164062, 15.97292423248291], "grab": [0.0], "confidence": [0.5094620585441589]}}}}