{"/": {"hand": {"1": {"finger": {"2": {"pos": [503.22662353515625, 390.8475341796875, 59.040809631347656], "velocity": [355.86700439453125, 510.0968933105469, 50.20661544799805], "outstretched": [0]}, "3": {"pos": [517.4567260742188, 401.6607360839844, 54.268775939941406], "velocity": [369.2591857910156, 510.55035400390625, 51.460506439208984], "outstretched": [0]}, "4": {"pos": [548.1727294921875, 408.1507263183594, 51.10280990600586], "velocity": [367.389404296875, 511.6349182128906, 52.03312301635742], "outstretched": [0]}, "0": {"pos": [493.94012451171875, 375.4333190917969, 59.19926452636719], "velocity": [378.1358642578125, 493.7320861816406, 53.92756271362305], "outstretched": [0]}, "1": {"pos": [532.64990234375, 373.6749572753906, 65.29045104980469], "velocity": [402.9817199707031, 508.111572265625, 54.11940002441406], "outstretched": [0]}}, "pinch": [1.0], "finger_count": [0], "pry": [-10.925097465515137, 53.59675598144531, 28.064313888549805], "sphere": {"pos": [518.5079956054688, 392.60302734375, 53.5434455871582], "radius": [43.219757080078125]}, "pos": [566.2957153320312, 361.8816223144531, 45.887672424316406], "direction": [70.09749603271484, -10.925097465515137, 28.064313888549805], "grab": [1.0], "confidence": [0.5090243220329285]}}}}