{"/": {"hand": {"1": {"finger": {"2": {"pos": [745.3713989257812, 325.4783020019531, 74.45757293701172], "velocity": [413.5029602050781, 500.3141784667969, 54.85160446166992], "outstretched": [1]}, "3": {"pos": [809.1651611328125, 327.13116455078125, 68.41027069091797], "velocity": [421.7121276855469, 450.0118713378906, 51.022377014160156], "outstretched": [1]}, "4": {"pos": [850.5948486328125, 344.2752685546875, 57.70548629760742], "velocity": [424.34857177734375, 492.63653564453125, 44.47681427001953], "outstretched": [1]}, "0": {"pos": [491.6538391113281, 314.8739929199219, 56.01995849609375], "velocity": [109.07443237304688, 650.122314453125, 48.36549758911133], "outstretched": [1]}, "1": {"pos": [637.9405517578125, 335.92962646484375, 74.74220275878906], "velocity": [302.3843688964844, 609.7554321289062, 58.15929412841797], "outstretched": [1]}}, "pinch": [0.0], "finger_count": [5], "pry": [2.136343002319336, 5.330087184906006, 17.836833953857422], "sphere": {"pos": [749.39599609375, 177.45184326171875, 58.36437225341797], "radius": [166.19029235839844]}, "pos": [669.8265380859375, 331.811279296875, 47.14181137084961], "direction": [96.6128158569336, 2.136343002319336, 17.836833953857422], "grab": [0.0], "confidence": [0.7082663178443909]}}}}