{"/": {"hand": {"1": {"finger": {"2": {"pos": [237.37014770507812, 311.7830810546875, 83.92254638671875], "velocity": [220.2719268798828, 458.6156921386719, 43.03178405761719], "outstretched": [1]}, "3": {"pos": [252.93023681640625, 329.4862060546875, 82.04306030273438], "velocity": [252.16390991210938, 490.51910400390625, 45.928688049316406], "outstretched": [1]}, "4": {"pos": [255.35647583007812, 355.2359924316406, 76.08407592773438], "velocity": [296.3731689453125, 490.86492919921875, 46.922061920166016], "outstretched": [1]}, "0": {"pos": [294.53057861328125, 273.1373596191406, 63.091556549072266], "velocity": [303.3741760253906, 492.7646789550781, 45.89878845214844], "outstretched": [1]}, "1": {"pos": [261.66082763671875, 298.68316650390625, 81.43496704101562], "velocity": [246.26683044433594, 486.2004089355469, 45.34716033935547], "outstretched": [1]}}, "pinch": [0.0], "finger_count": [5], "pry": [4.907924652099609, 93.59894561767578, -1.8818962574005127], "sphere": {"pos": [75.04489135742188, 287.197265625, 61.032066345214844], "radius": [118.31582641601562]}, "pos": [279.0572204589844, 324.6732482910156, 55.86604690551758], "direction": [-159.0611572265625, 4.907924652099609, -1.8818962574005127], "grab": [0.0], "confidence": [0.8106520175933838]}}}}