{"/": {"hand": {"1": {"finger": {"2": {"pos": [621.9228515625, 465.9830322265625, 84.09585571289062], "velocity": [374.1936950683594, 437.0853271484375, 88.59005737304688], "outstretched": [1]}, "3": {"pos": [690.6793212890625, 472.70941162109375, 79.51881408691406], "velocity": [360.4930419921875, 503.70269775390625, 89.1637191772461], "outstretched": [1]}, "4": {"pos": [743.085693359375, 492.26226806640625, 68.87347412109375], "velocity": [310.97412109375, 601.3440551757812, 94.77024841308594], "outstretched": [1]}, "0": {"pos": [397.9847106933594, 436.63385009765625, 60.058509826660156], "velocity": [368.7707824707031, 463.2652893066406, 76.25757598876953], "outstretched": [1]}, "1": {"pos": [537.3220825195312, 452.3779602050781, 82.55250549316406], "velocity": [455.25653076171875, 399.7969970703125, 85.40190124511719], "outstretched": [1]}}, "pinch": [0.0], "finger_count": [5], "pry": [-10.124555587768555, 26.958730697631836, 2.062647819519043], "sphere": {"pos": [664.0921630859375, 331.3675842285156, 73.39208984375], "radius": [149.23387145996094]}, "pos": [578.0736694335938, 460.60821533203125, 56.143062591552734], "direction": [11.402978897094727, -10.124555587768555, 2.062647819519043], "grab": [0.0], "confidence": [0.1297767162322998]}}}}