{"/": {"hand": {"1": {"finger": {"2": {"pos": [633.2825317382812, 392.69793701171875, 85.59419250488281], "velocity": [301.04290771484375, 174.74514770507812, 55.492820739746094], "outstretched": [1]}, "3": {"pos": [694.6194458007812, 414.8487854003906, 82.47181701660156], "velocity": [304.4677429199219, 217.04116821289062, 69.70040893554688], "outstretched": [1]}, "4": {"pos": [729.54052734375, 460.227783203125, 76.80564880371094], "velocity": [305.95733642578125, 289.9108581542969, 97.33369445800781], "outstretched": [1]}, "0": {"pos": [384.92230224609375, 409.4837646484375, 63.599998474121094], "velocity": [340.0398254394531, 358.9442138671875, 54.97926330566406], "outstretched": [1]}, "1": {"pos": [570.004638671875, 384.3201599121094, 83.2596435546875], "velocity": [497.9649963378906, 246.71253967285156, 49.31624221801758], "outstretched": [1]}}, "pinch": [0.0], "finger_count": [5], "pry": [23.647859573364258, 32.296749114990234, 9.114829063415527], "sphere": {"pos": [673.9185791015625, 311.22564697265625, 57.829803466796875], "radius": [146.94244384765625]}, "pos": [559.6648559570312, 449.3986511230469, 62.57090759277344], "direction": [159.8773193359375, 23.647859573364258, 9.114829063415527], "grab": [0.0], "confidence": [0.11522656679153442]}}}}