{"/": {"hand": {"1": {"finger": {"2": {"pos": [485.8188781738281, 333.93292236328125, 78.91743469238281], "velocity": [397.8125305175781, 485.6082763671875, 50.96141052246094], "outstretched": [1]}, "3": {"pos": [536.2599487304688, 345.562744140625, 75.11894226074219], "velocity": [402.6512451171875, 486.2286071777344, 51.05937194824219], "outstretched": [1]}, "4": {"pos": [597.749267578125, 354.39349365234375, 66.6041259765625], "velocity": [399.45648193359375, 495.33099365234375, 49.70646667480469], "outstretched": [1]}, "0": {"pos": [335.3845520019531, 297.5667724609375, 59.00762176513672], "velocity": [392.2004089355469, 470.13287353515625, 50.09210968017578], "outstretched": [1]}, "1": {"pos": [413.67584228515625, 324.31536865234375, 76.63633728027344], "velocity": [396.0345153808594, 478.9544372558594, 51.155364990234375], "outstretched": [1]}}, "pinch": [0.0], "finger_count": [5], "pry": [-2.5041353702545166, 13.156204223632812, 2.4176876544952393], "sphere": {"pos": [267.232177734375, 537.0032958984375, 48.475101470947266], "radius": [254.10813903808594]}, "pos": [481.81024169921875, 309.519775390625, 50.96780014038086], "direction": [43.992515563964844, -2.5041353702545166, 2.4176876544952393], "grab": [0.0], "confidence": [1.0]}}}}