{"/": {"hand": {"1": {"finger": {"2": {"pos": [701.294189453125, 397.1053161621094, 75.64010620117188], "velocity": [215.66957092285156, 654.1142578125, 60.0611572265625], "outstretched": [1]}, "3": {"pos": [767.6602172851562, 397.85882568359375, 68.84270477294922], "velocity": [214.7140350341797, 648.8487548828125, 59.742706298828125], "outstretched": [1]}, "4": {"pos": [814.896484375, 397.7364501953125, 54.977962493896484], "velocity": [242.6644744873047, 596.8977661132812, 58.70295715332031], "outstretched": [1]}, "0": {"pos": [423.6911926269531, 390.2325134277344, 55.71989059448242], "velocity": [247.43995666503906, 653.76025390625, 61.98896026611328], "outstretched": [1]}, "1": {"pos": [586.13232421875, 402.8294982910156, 76.07113647460938], "velocity": [238.4881134033203, 654.3988647460938, 59.70020294189453], "outstretched": [1]}}, "pinch": [0.0], "finger_count": [5], "pry": [-26.300376892089844, 12.976531028747559, 18.324756622314453], "sphere": {"pos": [641.6353759765625, 268.0391845703125, 76.4718017578125], "radius": [150.80421447753906]}, "pos": [618.6334228515625, 371.69464111328125, 49.34175109863281], "direction": [33.826698303222656, -26.300376892089844, 18.324756622314453], "grab": [0.0], "confidence": [0.8108373880386353]}}}}