{"/": {"hand": {"1": {"finger": {"2": {"pos": [414.9444274902344, 311.558837890625, 87.22852325439453], "velocity": [214.36105346679688, 445.40283203125, 50.09391403198242], "outstretched": [1]}, "3": {"pos": [418.5555725097656, 338.7012939453125, 85.59327697753906], "velocity": [211.29750061035156, 440.22442626953125, 52.73127746582031], "outstretched": [1]}, "4": {"pos": [406.907958984375, 360.82611083984375, 79.8885726928711], "velocity": [189.13185119628906, 448.4474182128906, 54.59437561035156], "outstretched": [1]}, "0": {"pos": [439.9491882324219, 282.9656982421875, 64.95415496826172], "velocity": [365.3073425292969, 490.5625305175781, 48.648746490478516], "outstretched": [1]}, "1": {"pos": [435.2977600097656, 303.39276123046875, 84.14212799072266], "velocity": [295.9239196777344, 466.0235595703125, 50.05649185180664], "outstretched": [1]}}, "pinch": [0.0], "finger_count": [5], "pry": [7.558457851409912, 96.52630615234375, 11.153895378112793], "sphere": {"pos": [195.08822631835938, 284.563720703125, 68.95828247070312], "radius": [129.76657104492188]}, "pos": [405.3385925292969, 334.178466796875, 59.093360900878906], "direction": [123.93968963623047, 7.558457851409912, 11.153895378112793], "grab": [0.0], "confidence": [0.6302401423454285]}}}}