{"/": {"hand": {"1": {"finger": {"2": {"pos": [478.350830078125, 321.9825439453125, 79.47343444824219], "velocity": [338.9512023925781, 492.8304443359375, 53.65620422363281], "outstretched": [1]}, "3": {"pos": [515.1242065429688, 340.3364562988281, 75.82125091552734], "velocity": [309.165283203125, 486.2372741699219, 57.23042678833008], "outstretched": [1]}, "4": {"pos": [558.8119506835938, 354.23895263671875, 68.51583099365234], "velocity": [219.0329132080078, 476.0351867675781, 64.69446563720703], "outstretched": [1]}, "0": {"pos": [381.082275390625, 274.26861572265625, 60.307621002197266], "velocity": [730.0430908203125, 591.1471557617188, 66.10580444335938], "outstretched": [1]}, "1": {"pos": [429.3661804199219, 303.2177734375, 77.24339294433594], "velocity": [471.07269287109375, 487.0899963378906, 53.839805603027344], "outstretched": [1]}}, "pinch": [0.0], "finger_count": [5], "pry": [-0.8283154368400574, 32.774993896484375, 2.380967140197754], "sphere": {"pos": [189.28396606445312, 463.6649169921875, 51.698585510253906], "radius": [224.11965942382812]}, "pos": [493.85186767578125, 301.7518310546875, 51.413578033447266], "direction": [70.82669830322266, -0.8283154368400574, 2.380967140197754], "grab": [0.0], "confidence": [1.0]}}}}