{"/": {"hand": {"1": {"finger": {"2": {"pos": [397.1940002441406, 309.8645935058594, 87.23150634765625], "velocity": [154.71412658691406, 469.3907165527344, 49.85186004638672], "outstretched": [1]}, "3": {"pos": [401.95166015625, 335.8256530761719, 85.56425476074219], "velocity": [183.002685546875, 448.52752685546875, 49.59373474121094], "outstretched": [1]}, "4": {"pos": [390.0337829589844, 358.4024658203125, 79.86685180664062], "velocity": [163.03131103515625, 458.2607116699219, 50.050437927246094], "outstretched": [1]}, "0": {"pos": [426.8802795410156, 281.17449951171875, 65.00442504882812], "velocity": [216.37599182128906, 473.3050842285156, 49.952945709228516], "outstretched": [1]}, "1": {"pos": [420.27789306640625, 301.82073974609375, 84.16434478759766], "velocity": [189.4420623779297, 470.8089599609375, 50.046836853027344], "outstretched": [1]}}, "pinch": [0.0], "finger_count": [5], "pry": [7.1643967628479, 98.59918975830078, 10.902806282043457], "sphere": {"pos": [181.49673461914062, 278.302001953125, 68.70545959472656], "radius": [130.32176208496094]}, "pos": [389.7298583984375, 332.05511474609375, 59.08463668823242], "direction": [123.12721252441406, 7.1643967628479, 10.902806282043457], "grab": [0.0], "confidence": [0.702680766582489]}}}}