{"/": {"hand": {"1": {"finger": {"2": {"pos": [742.727294921875, 365.3792724609375, 74.11996459960938], "velocity": [220.4843292236328, 637.0255126953125, 56.83889389038086], "outstretched": [1]}, "3": {"pos": [806.31005859375, 368.24957275390625, 67.45272064208984], "velocity": [242.56793212890625, 629.0234985351562, 56.87519073486328], "outstretched": [1]}, "4": {"pos": [849.5675659179688, 377.0995788574219, 53.93476867675781], "velocity": [263.6314697265625, 585.9122314453125, 55.940696716308594], "outstretched": [1]}, "0": {"pos": [453.49334716796875, 359.793701171875, 54.200172424316406], "velocity": [280.81585693359375, 600.651611328125, 48.45214080810547], "outstretched": [1]}, "1": {"pos": [622.8942260742188, 373.2701416015625, 74.83309936523438], "velocity": [234.90846252441406, 610.2265014648438, 52.550865173339844], "outstretched": [1]}}, "pinch": [0.0], "finger_count": [5], "pry": [-19.862350463867188, 11.010904312133789, 18.177806854248047], "sphere": {"pos": [684.6591796875, 221.20480346679688, 72.97010040283203], "radius": [165.8423614501953]}, "pos": [655.3316040039062, 351.6214904785156, 47.483123779296875], "direction": [42.268760681152344, -19.862350463867188, 18.177806854248047], "grab": [0.0], "confidence": [0.7180236577987671]}}}}