{"/": {"hand": {"1": {"finger": {"2": {"pos": [570.384033203125, 437.2279052734375, 85.28289031982422], "velocity": [621.1783447265625, 41.595123291015625, 65.80171966552734], "outstretched": [1]}, "3": {"pos": [618.7782592773438, 436.1208801269531, 81.8616943359375], "velocity": [537.491455078125, 61.111236572265625, 56.58449935913086], "outstretched": [1]}, "4": {"pos": [661.73291015625, 463.04022216796875, 73.64915466308594], "velocity": [460.57867431640625, 130.40701293945312, 62.595054626464844], "outstretched": [1]}, "0": {"pos": [390.4038391113281, 420.8956298828125, 66.0744400024414], "velocity": [231.67396545410156, 185.31527709960938, 76.47759246826172], "outstretched": [1]}, "1": {"pos": [524.8775634765625, 425.5237121582031, 83.2667236328125], "velocity": [594.21044921875, 55.734619140625, 66.42801666259766], "outstretched": [1]}}, "pinch": [0.0], "finger_count": [5], "pry": [-0.8995359539985657, 30.079574584960938, 6.255615711212158], "sphere": {"pos": [633.9443359375, 354.6793212890625, 68.2199478149414], "radius": [106.01776885986328]}, "pos": [532.459228515625, 437.72857666015625, 57.18323516845703], "direction": [81.84859466552734, -0.8995359539985657, 6.255615711212158], "grab": [0.0], "confidence": [0.1181522086262703]}}}}