{"/": {"hand": {"1": {"finger": {"2": {"pos": [486.1185302734375, 332.54998779296875, 78.93628692626953], "velocity": [406.80975341796875, 482.2115173339844, 50.62940979003906], "outstretched": [1]}, "3": {"pos": [536.6243286132812, 344.7496643066406, 75.10624694824219], "velocity": [402.8245849609375, 494.0798034667969, 49.7133674621582], "outstretched": [1]}, "4": {"pos": [597.7799072265625, 353.8551940917969, 66.56102752685547], "velocity": [401.198974609375, 493.2216491699219, 49.78831481933594], "outstretched": [1]}, "0": {"pos": [335.54217529296875, 295.0384521484375, 58.952354431152344], "velocity": [403.1891784667969, 469.1860656738281, 49.437950134277344], "outstretched": [1]}, "1": {"pos": [413.4048156738281, 322.53643798828125, 76.65337371826172], "velocity": [395.5681457519531, 480.0657958984375, 50.344970703125], "outstretched": [1]}}, "pinch": [0.0], "finger_count": [5], "pry": [-2.9306960105895996, 13.95013427734375, 2.3423261642456055], "sphere": {"pos": [259.8791809082031, 537.35986328125, 48.182373046875], "radius": [257.4845886230469]}, "pos": [482.1096496582031, 308.2573547363281, 50.96209716796875], "direction": [38.62439727783203, -2.9306960105895996, 2.3423261642456055], "grab": [0.0], "confidence": [1.0]}}}}