{"/": {"hand": {"1": {"finger": {"2": {"pos": [585.7125244140625, 402.7078857421875, 79.57813262939453], "velocity": [295.53857421875, 1178.611572265625, -9.509761810302734], "outstretched": [1]}, "3": {"pos": [642.7530517578125, 400.7357177734375, 75.38462829589844], "velocity": [289.981689453125, 1023.095458984375, 12.71856689453125], "outstretched": [1]}, "4": {"pos": [711.8619384765625, 393.0142517089844, 64.86389923095703], "velocity": [366.2388610839844, 866.9446411132812, 38.0289421081543], "outstretched": [1]}, "0": {"pos": [424.7861328125, 402.3791809082031, 57.23064041137695], "velocity": [1022.8843383789062, 1085.6044921875, -27.804336547851562], "outstretched": [1]}, "1": {"pos": [496.3531494140625, 396.9305419921875, 78.79312896728516], "velocity": [398.63433837890625, 1095.286865234375, -6.942440032958984], "outstretched": [1]}}, "pinch": [0.0], "finger_count": [5], "pry": [-33.535404205322266, 9.943349838256836, 11.264017105102539], "sphere": {"pos": [558.0164794921875, 309.7314453125, 76.30095672607422], "radius": [102.516357421875]}, "pos": [551.8994750976562, 356.5393981933594, 53.84052276611328], "direction": [16.725753784179688, -33.535404205322266, 11.264017105102539], "grab": [0.0], "confidence": [0.9495915770530701]}}}}