{"/": {"hand": {"1": {"finger": {"2": {"pos": [577.0991821289062, 348.375, 88.970947265625], "velocity": [385.77545166015625, 263.0570068359375, 58.07041931152344], "outstretched": [1]}, "3": {"pos": [629.8385009765625, 368.2694396972656, 85.10521697998047], "velocity": [383.7965393066406, 304.94122314453125, 64.0754165649414], "outstretched": [1]}, "4": {"pos": [671.259765625, 409.9683837890625, 76.04934692382812], "velocity": [352.5311279296875, 346.6636047363281, 72.48753356933594], "outstretched": [1]}, "0": {"pos": [322.3017578125, 349.71112060546875, 67.70117950439453], "velocity": [420.7201232910156, 281.9091796875, 52.195220947265625], "outstretched": [1]}, "1": {"pos": [483.8507080078125, 330.8184814453125, 87.35252380371094], "velocity": [371.6720275878906, 275.2687683105469, 55.760250091552734], "outstretched": [1]}}, "pinch": [0.0], "finger_count": [5], "pry": [3.277247428894043, 30.3626651763916, 9.629229545593262], "sphere": {"pos": [592.5756225585938, 265.0725402832031, 70.69976806640625], "radius": [124.32166290283203]}, "pos": [506.12359619140625, 381.04473876953125, 63.09632110595703], "direction": [108.64961242675781, 3.277247428894043, 9.629229545593262], "grab": [0.0], "confidence": [0.7742874622344971]}}}}