{"/": {"hand": {"1": {"finger": {"2": {"pos": [695.5357666015625, 366.0771484375, 71.55105590820312], "velocity": [2210.17626953125, -324.90155029296875, 18.25647735595703], "outstretched": [1]}, "3": {"pos": [746.339599609375, 376.2981872558594, 65.87482452392578], "velocity": [2230.884765625, -188.29168701171875, -21.604713439941406], "outstretched": [1]}, "4": {"pos": [780.857421875, 402.541015625, 54.39485168457031], "velocity": [1669.5841064453125, 456.7835693359375, -146.03868103027344], "outstretched": [1]}, "0": {"pos": [405.6405334472656, 371.2966003417969, 54.85805892944336], "velocity": [291.66290283203125, 362.71630859375, 13.744464874267578], "outstretched": [1]}, "1": {"pos": [580.7748413085938, 377.2557678222656, 73.36133575439453], "velocity": [1160.0394287109375, -283.28857421875, 169.41314697265625], "outstretched": [1]}}, "pinch": [0.0], "finger_count": [5], "pry": [2.792099952697754, 25.020185470581055, 17.46721649169922], "sphere": {"pos": [656.4660034179688, 258.9542541503906, 57.50409698486328], "radius": [141.5514373779297]}, "pos": [592.3495483398438, 385.387451171875, 46.165523529052734], "direction": [98.81004333496094, 2.792099952697754, 17.46721649169922], "grab": [0.0], "confidence": [0.41171616315841675]}}}}