{"/": {"hand": {"1": {"finger": {"2": {"pos": [569.3876953125, 285.0867004394531, 89.09590148925781], "velocity": [359.22515869140625, 432.8502197265625, 47.90153884887695], "outstretched": [1]}, "3": {"pos": [627.6319580078125, 306.0293884277344, 85.66553497314453], "velocity": [392.9331359863281, 412.9234313964844, 44.83018112182617], "outstretched": [1]}, "4": {"pos": [671.7547607421875, 348.33367919921875, 77.1664810180664], "velocity": [483.6124572753906, 359.525634765625, 32.808326721191406], "outstretched": [1]}, "0": {"pos": [325.2962341308594, 299.80859375, 66.87481689453125], "velocity": [413.7353210449219, 483.19781494140625, 47.01689910888672], "outstretched": [1]}, "1": {"pos": [471.3133239746094, 271.22686767578125, 86.97797393798828], "velocity": [323.989990234375, 492.2685546875, 53.542022705078125], "outstretched": [1]}}, "pinch": [0.0], "finger_count": [5], "pry": [0.8221749067306519, 27.7131404876709, 5.778861999511719], "sphere": {"pos": [570.1519775390625, 208.89645385742188, 72.56514739990234], "radius": [120.58776092529297]}, "pos": [514.4323120117188, 321.22125244140625, 62.45014572143555], "direction": [98.07070922851562, 0.8221749067306519, 5.778861999511719], "grab": [0.0], "confidence": [0.9081298112869263]}}}}