{"/": {"hand": {"1": {"finger": {"2": {"pos": [506.99127197265625, 410.2153625488281, 61.447181701660156], "velocity": [422.2801818847656, 619.4646606445312, 70.41448974609375], "outstretched": [0]}, "3": {"pos": [520.1217651367188, 420.3392639160156, 55.64329147338867], "velocity": [438.7991638183594, 628.505859375, 65.3031234741211], "outstretched": [0]}, "4": {"pos": [551.914794921875, 427.10089111328125, 52.99077606201172], "velocity": [438.4254455566406, 630.9500732421875, 67.37431335449219], "outstretched": [0]}, "0": {"pos": [493.52459716796875, 390.06268310546875, 60.811492919921875], "velocity": [370.9032287597656, 602.61181640625, 56.962066650390625], "outstretched": [0]}, "1": {"pos": [506.10772705078125, 395.7322082519531, 62.81992721557617], "velocity": [385.6739196777344, 615.3042602539062, 60.288246154785156], "outstretched": [0]}}, "pinch": [1.0], "finger_count": [0], "pry": [-4.049254417419434, 51.357879638671875, 27.844741821289062], "sphere": {"pos": [528.5277709960938, 420.7498779296875, 55.21050262451172], "radius": [44.064659118652344]}, "pos": [574.3834228515625, 382.8578796386719, 47.82587814331055], "direction": [82.36710357666016, -4.049254417419434, 27.844741821289062], "grab": [1.0], "confidence": [0.6224884986877441]}}}}