{"/": {"hand": {"1": {"finger": {"2": {"pos": [496.26629638671875, 337.01092529296875, 78.6963882446289], "velocity": [412.409912109375, 508.22491455078125, 49.34840774536133], "outstretched": [1]}, "3": {"pos": [550.889404296875, 341.1292724609375, 75.64237976074219], "velocity": [410.7965087890625, 509.5272521972656, 49.23200607299805], "outstretched": [1]}, "4": {"pos": [612.9435424804688, 344.64593505859375, 67.98274230957031], "velocity": [414.5722961425781, 504.9876403808594, 49.42709732055664], "outstretched": [1]}, "0": {"pos": [348.8340759277344, 318.5884704589844, 59.050994873046875], "velocity": [408.57440185546875, 507.901611328125, 49.41628646850586], "outstretched": [1]}, "1": {"pos": [424.24853515625, 334.9140625, 76.1430892944336], "velocity": [410.62261962890625, 507.6297607421875, 49.395015716552734], "outstretched": [1]}}, "pinch": [0.0], "finger_count": [5], "pry": [-0.2667469084262848, 5.888928413391113, 1.4701447486877441], "sphere": {"pos": [349.9789733886719, 598.4820556640625, 49.9456901550293], "radius": [290.829833984375]}, "pos": [489.947509765625, 318.9644775390625, 52.38867950439453], "direction": [79.7181167602539, -0.2667469084262848, 1.4701447486877441], "grab": [0.0], "confidence": [0.9254519939422607]}}}}