{"/": {"hand": {"1": {"finger": {"2": {"pos": [576.79443359375, 374.502197265625, 88.15084075927734], "velocity": [331.2251281738281, 290.5647277832031, 51.6910514831543], "outstretched": [1]}, "3": {"pos": [632.7554321289062, 391.6859130859375, 83.78208923339844], "velocity": [277.8070373535156, 292.33355712890625, 56.511348724365234], "outstretched": [1]}, "4": {"pos": [681.5709228515625, 425.6103210449219, 73.4954605102539], "velocity": [202.5171356201172, 326.21563720703125, 72.65972900390625], "outstretched": [1]}, "0": {"pos": [320.06024169921875, 379.25750732421875, 67.32768249511719], "velocity": [333.1383972167969, 247.33396911621094, 44.68044662475586], "outstretched": [1]}, "1": {"pos": [483.588623046875, 358.52947998046875, 86.82823181152344], "velocity": [353.52630615234375, 242.5107421875, 45.09284210205078], "outstretched": [1]}}, "pinch": [0.0], "finger_count": [5], "pry": [1.754166603088379, 24.148242950439453, 11.803646087646484], "sphere": {"pos": [583.1663818359375, 273.5711364746094, 70.18673706054688], "radius": [137.14010620117188]}, "pos": [508.02471923828125, 403.8161315917969, 61.406097412109375], "direction": [98.33731842041016, 1.754166603088379, 11.803646087646484], "grab": [0.0], "confidence": [0.5397002100944519]}}}}