{"/": {"hand": {"1": {"finger": {"2": {"pos": [645.8158569335938, 422.466796875, 84.30302429199219], "velocity": [520.1294555664062, 232.45755004882812, 38.59211349487305], "outstretched": [1]}, "3": {"pos": [708.1490478515625, 438.4122619628906, 79.59066009521484], "velocity": [521.2675170898438, 228.14822387695312, 37.161155700683594], "outstretched": [1]}, "4": {"pos": [745.900390625, 474.8430480957031, 70.94679260253906], "velocity": [527.8314819335938, 256.0640563964844, 44.451438903808594], "outstretched": [1]}, "0": {"pos": [392.0240783691406, 424.46142578125, 63.05025100708008], "velocity": [369.4291076660156, 440.85748291015625, 61.0482177734375], "outstretched": [1]}, "1": {"pos": [567.6124267578125, 410.00701904296875, 82.94891357421875], "velocity": [508.7548522949219, 304.8758544921875, 45.10972213745117], "outstretched": [1]}}, "pinch": [0.0], "finger_count": [5], "pry": [8.537757873535156, 27.901927947998047, 9.556669235229492], "sphere": {"pos": [671.8524169921875, 316.2020263671875, 62.888282775878906], "radius": [148.85025024414062]}, "pos": [569.4412841796875, 458.6221008300781, 58.483673095703125], "direction": [131.72311401367188, 8.537757873535156, 9.556669235229492], "grab": [0.0], "confidence": [0.14109693467617035]}}}}