{"/": {"hand": {"1": {"finger": {"2": {"pos": [484.18048095703125, 328.0148010253906, 78.89083862304688], "velocity": [376.8077697753906, 480.2738037109375, 50.206626892089844], "outstretched": [1]}, "3": {"pos": [534.6526489257812, 342.1505432128906, 74.98310089111328], "velocity": [378.6239318847656, 490.3544616699219, 49.77253723144531], "outstretched": [1]}, "4": {"pos": [593.1698608398438, 352.61651611328125, 66.48435974121094], "velocity": [357.6998596191406, 498.6875, 50.48026657104492], "outstretched": [1]}, "0": {"pos": [338.03759765625, 284.55035400390625, 58.81439208984375], "velocity": [418.66583251953125, 439.7623291015625, 50.198368072509766], "outstretched": [1]}, "1": {"pos": [413.53662109375, 315.2342529296875, 76.67498016357422], "velocity": [404.9959716796875, 456.1490783691406, 51.155033111572266], "outstretched": [1]}}, "pinch": [0.0], "finger_count": [5], "pry": [-3.5237863063812256, 17.928918838500977, 2.196403980255127], "sphere": {"pos": [234.28456115722656, 515.75341796875, 48.60684585571289], "radius": [249.52801513671875]}, "pos": [483.4835510253906, 303.2428894042969, 50.909881591796875], "direction": [31.915761947631836, -3.5237863063812256, 2.196403980255127], "grab": [0.0], "confidence": [1.0]}}}}