{"/": {"hand": {"1": {"finger": {"2": {"pos": [635.4425048828125, 404.0575256347656, 85.63914489746094], "velocity": [190.90257263183594, 32.508636474609375, 72.03998565673828], "outstretched": [1]}, "3": {"pos": [695.31494140625, 426.7080078125, 82.32598876953125], "velocity": [113.37014770507812, 209.78350830078125, 109.54865264892578], "outstretched": [1]}, "4": {"pos": [727.3546142578125, 471.6165466308594, 76.17765808105469], "velocity": [-51.68023681640625, 434.6982727050781, 176.73861694335938], "outstretched": [1]}, "0": {"pos": [387.3770446777344, 412.96221923828125, 63.33538818359375], "velocity": [311.2380065917969, 240.01055908203125, 52.705482482910156], "outstretched": [1]}, "1": {"pos": [566.34228515625, 392.0414733886719, 83.29212188720703], "velocity": [459.2672119140625, 60.112701416015625, 50.66875076293945], "outstretched": [1]}}, "pinch": [0.0], "finger_count": [5], "pry": [20.576723098754883, 36.11456298828125, 9.2747220993042], "sphere": {"pos": [688.80078125, 322.1039733886719, 59.04099655151367], "radius": [148.6719207763672]}, "pos": [557.8380126953125, 459.0425109863281, 62.04952621459961], "direction": [156.49105834960938, 20.576723098754883, 9.2747220993042], "grab": [0.0], "confidence": [0.1656886786222458]}}}}