{"/": {"hand": {"1": {"finger": {"2": {"pos": [472.1851806640625, 328.1690368652344, 85.11201477050781], "velocity": [1161.0035400390625, 535.7865600585938, 42.77186584472656], "outstretched": [1]}, "3": {"pos": [477.374267578125, 348.12738037109375, 82.91342163085938], "velocity": [1113.4384765625, 574.2761840820312, 43.32676315307617], "outstretched": [1]}, "4": {"pos": [481.9784240722656, 373.1318359375, 76.99114990234375], "velocity": [1093.4736328125, 559.0634765625, 42.728755950927734], "outstretched": [1]}, "0": {"pos": [447.7943115234375, 293.7113952636719, 63.58960723876953], "velocity": [1035.8531494140625, 567.2508544921875, 44.26630401611328], "outstretched": [1]}, "1": {"pos": [469.35552978515625, 315.1161804199219, 82.05554962158203], "velocity": [1121.126220703125, 550.9177856445312, 43.459320068359375], "outstretched": [1]}}, "pinch": [0.0], "finger_count": [5], "pry": [7.2846293449401855, 77.27519989013672, 6.350549221038818], "sphere": {"pos": [411.2735595703125, 346.5476379394531, 66.6336898803711], "radius": [59.19234085083008]}, "pos": [463.98785400390625, 345.17303466796875, 56.558815002441406], "direction": [138.95587158203125, 7.2846293449401855, 6.350549221038818], "grab": [0.0], "confidence": [0.8010084629058838]}}}}