{"/": {"hand": {"1": {"finger": {"2": {"pos": [699.5489501953125, 350.9688415527344, 64.21806335449219], "velocity": [480.8680419921875, 255.54983520507812, -41.04999542236328], "outstretched": [1]}, "3": {"pos": [743.4859008789062, 366.56439208984375, 58.255096435546875], "velocity": [375.6861267089844, 377.4567565917969, -47.489990234375], "outstretched": [1]}, "4": {"pos": [772.8919677734375, 386.5506896972656, 45.47648239135742], "velocity": [243.8639678955078, 364.2077941894531, -70.0501708984375], "outstretched": [1]}, "0": {"pos": [393.2684326171875, 352.6533203125, 49.41340637207031], "velocity": [220.47286987304688, 268.0008544921875, -18.734352111816406], "outstretched": [1]}, "1": {"pos": [595.8580932617188, 346.0255126953125, 66.87124633789062], "velocity": [485.62255859375, 120.94610595703125, -19.826515197753906], "outstretched": [1]}}, "pinch": [0.0], "finger_count": [5], "pry": [-7.422132968902588, 24.204683303833008, 20.4831485748291], "sphere": {"pos": [658.825439453125, 210.04034423828125, 55.07692337036133], "radius": [165.79930114746094]}, "pos": [581.0840454101562, 358.7594909667969, 39.44285202026367], "direction": [70.77449798583984, -7.422132968902588, 20.4831485748291], "grab": [0.0], "confidence": [0.6122411489486694]}}}}