{"/": {"hand": {"1": {"finger": {"2": {"pos": [635.3470458984375, 389.57940673828125, 85.55585479736328], "velocity": [466.1202087402344, 477.4310302734375, 55.79161834716797], "outstretched": [1]}, "3": {"pos": [693.340576171875, 409.34161376953125, 82.27618408203125], "velocity": [345.644775390625, 417.8798828125, 54.205806732177734], "outstretched": [1]}, "4": {"pos": [729.2115478515625, 454.30133056640625, 76.49816131591797], "velocity": [340.7531433105469, 427.83770751953125, 57.29612350463867], "outstretched": [1]}, "0": {"pos": [382.5152893066406, 404.6117858886719, 63.70119094848633], "velocity": [362.877685546875, 400.7827453613281, 53.15654373168945], "outstretched": [1]}, "1": {"pos": [569.5554809570312, 380.44317626953125, 83.32791137695312], "velocity": [390.7433776855469, 425.4085693359375, 52.78571319580078], "outstretched": [1]}}, "pinch": [0.0], "finger_count": [5], "pry": [23.353063583374023, 33.021034240722656, 9.378157615661621], "sphere": {"pos": [678.2191162109375, 312.3028564453125, 58.1530876159668], "radius": [146.57321166992188]}, "pos": [556.3126831054688, 448.6256408691406, 62.72771072387695], "direction": [159.06736755371094, 23.353063583374023, 9.378157615661621], "grab": [0.0], "confidence": [0.12603509426116943]}}}}