{"/": {"hand": {"1": {"finger": {"2": {"pos": [527.2327270507812, 332.4185485839844, 83.76113891601562], "velocity": [1031.3675537109375, 546.8951416015625, 35.13616180419922], "outstretched": [1]}, "3": {"pos": [532.8177490234375, 352.8025207519531, 81.49651336669922], "velocity": [1043.4219970703125, 547.5022583007812, 34.349117279052734], "outstretched": [1]}, "4": {"pos": [537.289794921875, 376.83465576171875, 75.47615814208984], "velocity": [1053.515869140625, 533.275390625, 33.15021514892578], "outstretched": [1]}, "0": {"pos": [501.26434326171875, 298.180908203125, 62.329673767089844], "velocity": [1056.471923828125, 547.5941162109375, 35.18968963623047], "outstretched": [1]}, "1": {"pos": [523.5143432617188, 319.3037414550781, 80.7507095336914], "velocity": [1023.8255615234375, 541.882568359375, 35.66192626953125], "outstretched": [1]}}, "pinch": [0.0], "finger_count": [5], "pry": [6.73679256439209, 76.47952270507812, 7.338500022888184], "sphere": {"pos": [408.5251770019531, 346.67510986328125, 65.35193634033203], "radius": [77.11992645263672]}, "pos": [515.9646606445312, 348.37738037109375, 55.17817687988281], "direction": [132.52740478515625, 6.73679256439209, 7.338500022888184], "grab": [0.0], "confidence": [0.8932861685752869]}}}}