{"/": {"hand": {"1": {"finger": {"2": {"pos": [627.6617431640625, 396.66351318359375, 83.683837890625], "velocity": [463.99761962890625, 644.1461791992188, 51.68353271484375], "outstretched": [1]}, "3": {"pos": [616.155517578125, 434.5108947753906, 80.4387435913086], "velocity": [179.4808807373047, 625.7139892578125, 53.4775390625], "outstretched": [1]}, "4": {"pos": [489.28887939453125, 457.13739013671875, 73.91704559326172], "velocity": [-476.1695556640625, 344.9256286621094, 27.28228187561035], "outstretched": [1]}, "0": {"pos": [395.420166015625, 358.96258544921875, 68.19397735595703], "velocity": [792.422119140625, 704.1597290039062, 63.74068832397461], "outstretched": [0]}, "1": {"pos": [591.1389770507812, 346.8760986328125, 82.5416259765625], "velocity": [652.114013671875, 596.0179443359375, 58.62778854370117], "outstretched": [1]}}, "pinch": [0.0], "finger_count": [4], "pry": [-1.4933826923370361, 79.32999420166016, 10.861552238464355], "sphere": {"pos": [636.79443359375, 415.5373840332031, 67.2245101928711], "radius": [80.7264175415039]}, "pos": [515.1231689453125, 386.52740478515625, 58.63698196411133], "direction": [82.26246643066406, -1.4933826923370361, 10.861552238464355], "grab": [0.0], "confidence": [0.5227845907211304]}}}}