{"/": {"hand": {"1": {"finger": {"2": {"pos": [497.75677490234375, 333.41375732421875, 80.97268676757812], "velocity": [432.30853271484375, 531.9960327148438, 55.01847839355469], "outstretched": [1]}, "3": {"pos": [513.8095703125, 350.17694091796875, 77.86274719238281], "velocity": [402.5909729003906, 536.5933837890625, 55.28475570678711], "outstretched": [1]}, "4": {"pos": [526.2315673828125, 366.3150634765625, 71.02770233154297], "velocity": [337.4435729980469, 547.4296875, 54.961883544921875], "outstretched": [1]}, "0": {"pos": [445.85430908203125, 294.14862060546875, 62.219215393066406], "velocity": [491.3641052246094, 521.5447387695312, 53.23834228515625], "outstretched": [0]}, "1": {"pos": [481.86590576171875, 314.24005126953125, 78.84832763671875], "velocity": [494.0560302734375, 531.1613159179688, 54.471534729003906], "outstretched": [1]}}, "pinch": [0.0], "finger_count": [4], "pry": [1.5452388525009155, 56.6261100769043, 10.269403457641602], "sphere": {"pos": [96.05502319335938, 402.2994689941406, 61.96871566772461], "radius": [220.82249450683594]}, "pos": [498.64276123046875, 326.32928466796875, 52.44705581665039], "direction": [98.46863555908203, 1.5452388525009155, 10.269403457641602], "grab": [0.0], "confidence": [0.9817603826522827]}}}}