{"/": {"hand": {"1": {"finger": {"2": {"pos": [590.1808471679688, 413.07745361328125, 86.79460906982422], "velocity": [247.90037536621094, 301.1678466796875, 69.85663604736328], "outstretched": [1]}, "3": {"pos": [657.5640869140625, 425.5054626464844, 81.40692138671875], "velocity": [181.99391174316406, 320.59429931640625, 77.9939956665039], "outstretched": [1]}, "4": {"pos": [722.04833984375, 442.7460021972656, 68.09037017822266], "velocity": [208.84898376464844, 429.1080322265625, 83.62472534179688], "outstretched": [1]}, "0": {"pos": [340.95745849609375, 419.94818115234375, 65.58805084228516], "velocity": [224.76031494140625, 378.67340087890625, 71.32421112060547], "outstretched": [1]}, "1": {"pos": [489.0190734863281, 403.7437438964844, 85.96865844726562], "velocity": [333.479248046875, 239.9888916015625, 66.6932373046875], "outstretched": [1]}}, "pinch": [0.0], "finger_count": [5], "pry": [-6.754149913787842, 15.040776252746582, 12.502705574035645], "sphere": {"pos": [590.1590576171875, 277.48785400390625, 74.8128662109375], "radius": [158.5613250732422]}, "pos": [533.5013427734375, 420.84027099609375, 58.67950439453125], "direction": [61.89379119873047, -6.754149913787842, 12.502705574035645], "grab": [0.0], "confidence": [0.7847052812576294]}}}}