{"/": {"hand": {"1": {"finger": {"2": {"pos": [540.5164184570312, 402.35357666015625, 70.63465118408203], "velocity": [376.2969055175781, 483.19061279296875, 12.574459075927734], "outstretched": [0]}, "3": {"pos": [556.796142578125, 422.4938659667969, 66.01331329345703], "velocity": [462.27813720703125, 475.0248107910156, 26.22454071044922], "outstretched": [0]}, "4": {"pos": [542.7745971679688, 432.5656433105469, 60.860694885253906], "velocity": [711.6943359375, 505.7493896484375, 37.0923957824707], "outstretched": [0]}, "0": {"pos": [484.163330078125, 389.7271728515625, 63.8180046081543], "velocity": [583.0763549804688, 519.8322143554688, 48.50587463378906], "outstretched": [0]}, "1": {"pos": [542.3926391601562, 379.3586120605469, 72.29414367675781], "velocity": [267.537841796875, 530.1474609375, 5.541736602783203], "outstretched": [0]}}, "pinch": [0.6622254252433777], "finger_count": [0], "pry": [-10.306548118591309, 60.27574157714844, 25.530319213867188], "sphere": {"pos": [530.5684814453125, 394.9657287597656, 59.72776794433594], "radius": [45.267852783203125]}, "pos": [561.4771118164062, 375.46209716796875, 50.90913772583008], "direction": [69.1563949584961, -10.306548118591309, 25.530319213867188], "grab": [0.8782493472099304], "confidence": [0.6209976077079773]}}}}