{"/": {"hand": {"1": {"finger": {"2": {"pos": [589.5941772460938, 464.04058837890625, 76.76097106933594], "velocity": [479.12835693359375, 742.0152587890625, 33.885807037353516], "outstretched": [1]}, "3": {"pos": [636.8951416015625, 458.3721618652344, 72.82036590576172], "velocity": [388.26531982421875, 700.801513671875, 36.78177261352539], "outstretched": [1]}, "4": {"pos": [676.9808349609375, 470.3044738769531, 62.40538787841797], "velocity": [205.61715698242188, 832.32958984375, 32.122291564941406], "outstretched": [1]}, "0": {"pos": [408.0226745605469, 440.6325988769531, 61.72783279418945], "velocity": [138.57098388671875, 523.490478515625, 63.212764739990234], "outstretched": [1]}, "1": {"pos": [519.7923583984375, 450.2862243652344, 77.0899887084961], "velocity": [564.4751586914062, 663.4060668945312, 43.83019256591797], "outstretched": [1]}}, "pinch": [0.0], "finger_count": [5], "pry": [-18.036203384399414, 31.182373046875, 5.104656219482422], "sphere": {"pos": [641.3450927734375, 383.39776611328125, 69.42102813720703], "radius": [101.7801284790039]}, "pos": [537.711181640625, 442.68133544921875, 53.08003616333008], "direction": [15.34099006652832, -18.036203384399414, 5.104656219482422], "grab": [0.0], "confidence": [0.08246979117393494]}}}}