{"/": {"hand": {"1": {"finger": {"2": {"pos": [681.32177734375, 416.4129333496094, 76.85087585449219], "velocity": [258.66351318359375, 640.45361328125, 53.49856948852539], "outstretched": [1]}, "3": {"pos": [747.7464599609375, 415.5069580078125, 70.12691497802734], "velocity": [261.87664794921875, 630.035888671875, 54.411155700683594], "outstretched": [1]}, "4": {"pos": [797.510498046875, 411.53955078125, 56.15543746948242], "velocity": [282.7217712402344, 605.6713256835938, 54.45159149169922], "outstretched": [1]}, "0": {"pos": [405.6611328125, 408.8399658203125, 56.84326171875], "velocity": [279.8659362792969, 641.3677978515625, 50.23763656616211], "outstretched": [1]}, "1": {"pos": [568.1690063476562, 422.9733581542969, 77.11138916015625], "velocity": [271.4135437011719, 650.91552734375, 51.117671966552734], "outstretched": [1]}}, "pinch": [0.0], "finger_count": [5], "pry": [-28.496200561523438, 12.475178718566895, 18.962648391723633], "sphere": {"pos": [617.0048828125, 289.05560302734375, 78.79396057128906], "radius": [149.76791381835938]}, "pos": [599.7386474609375, 387.531005859375, 50.71720504760742], "direction": [32.3309440612793, -28.496200561523438, 18.962648391723633], "grab": [0.0], "confidence": [0.6145768165588379]}}}}