{"/": {"hand": {"1": {"finger": {"2": {"pos": [280.75860595703125, 311.89306640625, 83.36863708496094], "velocity": [931.2236938476562, 587.778076171875, 63.0019416809082], "outstretched": [1]}, "3": {"pos": [297.7323913574219, 335.781494140625, 81.59083557128906], "velocity": [859.2454833984375, 570.0579223632812, 55.6072998046875], "outstretched": [1]}, "4": {"pos": [302.98748779296875, 359.7117614746094, 75.34307098388672], "velocity": [809.1614990234375, 558.8515014648438, 50.47663497924805], "outstretched": [1]}, "0": {"pos": [352.2914733886719, 275.6776123046875, 63.77186965942383], "velocity": [929.5699462890625, 537.0477905273438, 65.72264099121094], "outstretched": [1]}, "1": {"pos": [309.6938781738281, 304.53900146484375, 81.48403930664062], "velocity": [893.490478515625, 575.3043823242188, 61.045562744140625], "outstretched": [1]}}, "pinch": [0.0], "finger_count": [5], "pry": [1.8797887563705444, 95.9861831665039, -4.837316036224365], "sphere": {"pos": [118.56463623046875, 277.42425537109375, 59.5137939453125], "radius": [127.26006317138672]}, "pos": [336.40216064453125, 325.2741394042969, 55.7411003112793], "direction": [-111.19713592529297, 1.8797887563705444, -4.837316036224365], "grab": [0.0], "confidence": [0.665449857711792]}}}}