{"/": {"hand": {"1": {"finger": {"2": {"pos": [621.53173828125, 391.9309997558594, 83.93787384033203], "velocity": [440.8349304199219, 609.1703491210938, 57.3818359375], "outstretched": [1]}, "3": {"pos": [618.30224609375, 430.4302062988281, 80.8287582397461], "velocity": [296.6445617675781, 609.9595947265625, 55.87775802612305], "outstretched": [1]}, "4": {"pos": [511.8052978515625, 462.219970703125, 75.1678237915039], "velocity": [-474.539306640625, 422.6909484863281, 59.57177734375], "outstretched": [1]}, "0": {"pos": [380.48919677734375, 352.4170837402344, 67.80912780761719], "velocity": [595.8211669921875, 770.099853515625, 73.09715270996094], "outstretched": [0]}, "1": {"pos": [580.0526733398438, 343.5769958496094, 82.32698059082031], "velocity": [605.22998046875, 569.048828125, 57.976871490478516], "outstretched": [1]}}, "pinch": [0.0], "finger_count": [4], "pry": [1.6958061456680298, 77.0711441040039, 11.56047248840332], "sphere": {"pos": [632.5438232421875, 403.2017822265625, 67.88623046875], "radius": [79.6621322631836]}, "pos": [505.73486328125, 389.02703857421875, 59.00938415527344], "direction": [98.23558044433594, 1.6958061456680298, 11.56047248840332], "grab": [0.0], "confidence": [0.5375889539718628]}}}}