{"/": {"hand": {"1": {"finger": {"2": {"pos": [803.0523681640625, 328.21624755859375, 74.543212890625], "velocity": [29.0396728515625, 511.4563293457031, 26.363954544067383], "outstretched": [1]}, "3": {"pos": [838.6211547851562, 345.1360168457031, 70.06645202636719], "velocity": [245.82150268554688, 467.9490966796875, 11.376087188720703], "outstretched": [1]}, "4": {"pos": [869.0684204101562, 363.36602783203125, 61.16484832763672], "velocity": [624.458984375, 493.4779052734375, -21.88751220703125], "outstretched": [1]}, "0": {"pos": [687.9542236328125, 289.4336242675781, 57.54300308227539], "velocity": [-631.3115234375, 401.9024963378906, 58.061771392822266], "outstretched": [1]}, "1": {"pos": [766.9010620117188, 313.884521484375, 73.44546508789062], "velocity": [-216.28070068359375, 526.148681640625, 39.5088996887207], "outstretched": [1]}}, "pinch": [0.0], "finger_count": [5], "pry": [3.140523910522461, 33.54259490966797, 22.995166778564453], "sphere": {"pos": [638.6445922851562, 378.1059875488281, 61.700191497802734], "radius": [100.37806701660156]}, "pos": [739.8472900390625, 332.5089111328125, 46.79236602783203], "direction": [97.36689758300781, 3.140523910522461, 22.995166778564453], "grab": [0.0], "confidence": [0.7060505747795105]}}}}