{"/": {"hand": {"1": {"finger": {"2": {"pos": [548.2174072265625, 396.8441162109375, 65.33870697021484], "velocity": [317.5072937011719, 467.6541442871094, 12.097599029541016], "outstretched": [0]}, "3": {"pos": [559.8172607421875, 413.53387451171875, 60.91874694824219], "velocity": [336.9975891113281, 458.2599792480469, 18.640609741210938], "outstretched": [0]}, "4": {"pos": [570.7781982421875, 422.0103454589844, 56.30278778076172], "velocity": [368.1829833984375, 447.7773132324219, 21.03611183166504], "outstretched": [0]}, "0": {"pos": [515.2283325195312, 394.61639404296875, 61.88112258911133], "velocity": [440.6652526855469, 510.8392333984375, 23.771472930908203], "outstretched": [0]}, "1": {"pos": [559.0478515625, 379.35125732421875, 68.98140716552734], "velocity": [414.9791564941406, 497.5110168457031, 30.945865631103516], "outstretched": [0]}}, "pinch": [1.0], "finger_count": [0], "pry": [-12.065838813781738, 57.63412857055664, 32.97021484375], "sphere": {"pos": [540.1279907226562, 382.89208984375, 59.05051040649414], "radius": [43.590049743652344]}, "pos": [575.5256958007812, 371.8056335449219, 48.935813903808594], "direction": [71.76123046875, -12.065838813781738, 32.97021484375], "grab": [1.0], "confidence": [0.5112724304199219]}}}}