{"/": {"hand": {"1": {"finger": {"2": {"pos": [629.101806640625, 467.2667541503906, 74.99282836914062], "velocity": [285.32476806640625, 799.1500854492188, 87.504638671875], "outstretched": [1]}, "3": {"pos": [695.438232421875, 459.9859924316406, 70.159423828125], "velocity": [354.397705078125, 907.9166259765625, 87.95887756347656], "outstretched": [1]}, "4": {"pos": [747.1593017578125, 458.118896484375, 58.404052734375], "velocity": [430.53558349609375, 1000.5025634765625, 90.43604278564453], "outstretched": [1]}, "0": {"pos": [392.786376953125, 425.188232421875, 56.60717010498047], "velocity": [504.28338623046875, 680.3997192382812, 48.536842346191406], "outstretched": [1]}, "1": {"pos": [537.091552734375, 462.50946044921875, 74.67060852050781], "velocity": [253.80311584472656, 707.8905029296875, 79.86517333984375], "outstretched": [1]}}, "pinch": [0.0], "finger_count": [5], "pry": [-34.02820587158203, 21.315704345703125, 8.840744972229004], "sphere": {"pos": [625.94580078125, 323.81927490234375, 79.42791748046875], "radius": [154.89830017089844]}, "pos": [569.4005737304688, 422.7552185058594, 49.31996536254883], "direction": [12.971675872802734, -34.02820587158203, 8.840744972229004], "grab": [0.0], "confidence": [0.3083256483078003]}}}}