{"/": {"hand": {"1": {"finger": {"2": {"pos": [791.7958984375, 325.314208984375, 76.85784912109375], "velocity": [898.297607421875, 491.97479248046875, 34.28781509399414], "outstretched": [1]}, "3": {"pos": [799.2783203125, 348.642578125, 74.42721557617188], "velocity": [910.7626953125, 508.8838195800781, 32.352577209472656], "outstretched": [1]}, "4": {"pos": [796.2774658203125, 371.6474304199219, 68.2878646850586], "velocity": [908.0235595703125, 505.89434814453125, 30.544645309448242], "outstretched": [1]}, "0": {"pos": [738.62646484375, 295.86529541015625, 56.24665451049805], "velocity": [805.00048828125, 492.3681945800781, 39.42829132080078], "outstretched": [1]}, "1": {"pos": [782.063232421875, 310.74090576171875, 74.07591247558594], "velocity": [901.795166015625, 481.50531005859375, 35.46808624267578], "outstretched": [1]}}, "pinch": [0.0], "finger_count": [5], "pry": [6.809600353240967, 72.0215835571289, 16.80915641784668], "sphere": {"pos": [641.4349975585938, 333.9606628417969, 61.32307434082031], "radius": [81.5187759399414]}, "pos": [743.876953125, 343.06927490234375, 48.90648651123047], "direction": [111.56816864013672, 6.809600353240967, 16.80915641784668], "grab": [0.0], "confidence": [0.8393104672431946]}}}}