{"/": {"hand": {"1": {"finger": {"2": {"pos": [554.2136840820312, 398.00018310546875, 66.89076232910156], "velocity": [469.639404296875, 486.786376953125, 30.829509735107422], "outstretched": [0]}, "3": {"pos": [564.8621215820312, 414.797119140625, 62.16362380981445], "velocity": [448.72198486328125, 472.9028625488281, 30.9705753326416], "outstretched": [0]}, "4": {"pos": [574.3269653320312, 423.4441833496094, 57.438865661621094], "velocity": [430.2828063964844, 444.6908874511719, 29.318098068237305], "outstretched": [0]}, "0": {"pos": [516.0731201171875, 394.58306884765625, 63.006717681884766], "velocity": [561.3712158203125, 545.5255737304688, 42.774009704589844], "outstretched": [0]}, "1": {"pos": [560.8609619140625, 379.34417724609375, 69.83839416503906], "velocity": [557.659912109375, 508.5696716308594, 44.686893463134766], "outstretched": [0]}}, "pinch": [1.0], "finger_count": [0], "pry": [-10.198294639587402, 56.45176315307617, 33.52668380737305], "sphere": {"pos": [543.5498046875, 385.7311096191406, 59.69830322265625], "radius": [43.31756591796875]}, "pos": [575.12939453125, 373.0794982910156, 49.702369689941406], "direction": [74.80923461914062, -10.198294639587402, 33.52668380737305], "grab": [1.0], "confidence": [0.4562206566333771]}}}}