{"/": {"hand": {"1": {"finger": {"2": {"pos": [558.7706909179688, 442.1134338378906, 69.07188415527344], "velocity": [360.0056457519531, 600.5486450195312, 119.51326751708984], "outstretched": [0]}, "3": {"pos": [595.2567138671875, 440.7322082519531, 66.8895263671875], "velocity": [461.15191650390625, 535.275146484375, 124.7457275390625], "outstretched": [0]}, "4": {"pos": [673.1015625, 412.5902404785156, 66.5389404296875], "velocity": [306.223388671875, 414.16552734375, 121.26972961425781], "outstretched": [0]}, "0": {"pos": [430.923095703125, 372.6270446777344, 67.23685455322266], "velocity": [-912.8807373046875, 391.92877197265625, -23.893722534179688], "outstretched": [1]}, "1": {"pos": [532.736083984375, 432.50537109375, 65.12351989746094], "velocity": [255.29443359375, 640.5501708984375, 49.423091888427734], "outstretched": [0]}}, "pinch": [0.0], "finger_count": [1], "pry": [22.88750648498535, 3.783932685852051, 13.101109504699707], "sphere": {"pos": [537.71826171875, 420.49554443359375, 68.23957824707031], "radius": [56.23678207397461]}, "pos": [583.062744140625, 396.16082763671875, 57.56703186035156], "direction": [151.13296508789062, 22.88750648498535, 13.101109504699707], "grab": [1.0], "confidence": [0.2554579973220825]}}}}