{"/": {"hand": {"1": {"finger": {"2": {"pos": [423.427978515625, 319.2093505859375, 86.75325012207031], "velocity": [366.6665344238281, 404.9205322265625, 56.61914825439453], "outstretched": [1]}, "3": {"pos": [444.48065185546875, 346.6924133300781, 84.27546691894531], "velocity": [254.24176025390625, 440.1429138183594, 59.08756637573242], "outstretched": [1]}, "4": {"pos": [433.3254089355469, 366.0030517578125, 77.91438293457031], "velocity": [310.473388671875, 437.2136535644531, 61.26139831542969], "outstretched": [1]}, "0": {"pos": [423.04925537109375, 282.57763671875, 65.35047149658203], "velocity": [497.42999267578125, 401.5909423828125, 47.339420318603516], "outstretched": [1]}, "1": {"pos": [430.3759460449219, 309.8936767578125, 83.9677734375], "velocity": [386.782470703125, 412.6769714355469, 55.43463897705078], "outstretched": [1]}}, "pinch": [0.0], "finger_count": [5], "pry": [4.039239406585693, 75.49797058105469, 9.988958358764648], "sphere": {"pos": [241.77967834472656, 320.8873596191406, 69.10134887695312], "radius": [106.35494232177734]}, "pos": [416.50537109375, 331.777587890625, 58.12690734863281], "direction": [111.84730529785156, 4.039239406585693, 9.988958358764648], "grab": [0.0], "confidence": [0.3728308081626892]}}}}