{"/": {"hand": {"1": {"finger": {"2": {"pos": [541.1429443359375, 403.2293395996094, 71.87322998046875], "velocity": [459.0423889160156, 514.6845703125, 18.036579132080078], "outstretched": [0]}, "3": {"pos": [554.1320190429688, 423.3268737792969, 66.6874008178711], "velocity": [469.4861145019531, 489.45611572265625, 19.70624351501465], "outstretched": [0]}, "4": {"pos": [533.174072265625, 432.950927734375, 61.260414123535156], "velocity": [781.217529296875, 534.3863525390625, 38.25592041015625], "outstretched": [0]}, "0": {"pos": [477.7106018066406, 389.254150390625, 63.876060485839844], "velocity": [599.21337890625, 545.4075927734375, 49.899436950683594], "outstretched": [0]}, "1": {"pos": [545.0806884765625, 378.8194274902344, 73.73812103271484], "velocity": [24.8800048828125, 626.6859741210938, -2.7180328369140625], "outstretched": [0]}}, "pinch": [0.4969421923160553], "finger_count": [0], "pry": [-10.862433433532715, 60.86841583251953, 23.792171478271484], "sphere": {"pos": [528.7423706054688, 395.74261474609375, 59.883399963378906], "radius": [46.10861587524414]}, "pos": [558.2894897460938, 374.896484375, 51.29997634887695], "direction": [66.4797134399414, -10.862433433532715, 23.792171478271484], "grab": [0.7451672554016113], "confidence": [0.6815676689147949]}}}}