{"/": {"hand": {"1": {"finger": {"2": {"pos": [631.7189331054688, 468.9136962890625, 75.8126220703125], "velocity": [419.6462707519531, 614.0325317382812, 78.72635650634766], "outstretched": [1]}, "3": {"pos": [698.0076293945312, 463.1076354980469, 70.81568908691406], "velocity": [441.1571350097656, 675.3685302734375, 76.25867462158203], "outstretched": [1]}, "4": {"pos": [749.2420654296875, 463.2784118652344, 59.01325225830078], "velocity": [456.7687072753906, 746.3014526367188, 76.43048858642578], "outstretched": [1]}, "0": {"pos": [393.9196472167969, 430.2614440917969, 56.93374252319336], "velocity": [459.3446960449219, 647.771484375, 56.74583435058594], "outstretched": [1]}, "1": {"pos": [539.537109375, 463.1126403808594, 75.5901107788086], "velocity": [415.5325622558594, 564.9241943359375, 77.92048645019531], "outstretched": [1]}}, "pinch": [0.0], "finger_count": [5], "pry": [-32.1053581237793, 20.939373016357422, 8.67570972442627], "sphere": {"pos": [628.083251953125, 327.7470703125, 78.5484390258789], "radius": [152.4394073486328]}, "pos": [571.315673828125, 428.81591796875, 49.71109390258789], "direction": [13.66869831085205, -32.1053581237793, 8.67570972442627], "grab": [0.0], "confidence": [0.23406967520713806]}}}}