{"/": {"hand": {"1": {"finger": {"2": {"pos": [573.1910400390625, 304.69134521484375, 88.0186996459961], "velocity": [439.0835876464844, 723.38916015625, 37.25154495239258], "outstretched": [1]}, "3": {"pos": [636.5438232421875, 319.2432861328125, 83.258056640625], "velocity": [475.9309997558594, 648.6488037109375, 28.031558990478516], "outstretched": [1]}, "4": {"pos": [689.0001831054688, 345.3619079589844, 72.10509490966797], "velocity": [523.2465209960938, 536.9083862304688, 13.313716888427734], "outstretched": [1]}, "0": {"pos": [335.8893737792969, 305.8197021484375, 65.78285217285156], "velocity": [494.6085205078125, 603.6077270507812, 39.509002685546875], "outstretched": [1]}, "1": {"pos": [475.31927490234375, 297.9198303222656, 86.89842224121094], "velocity": [463.2607421875, 764.2879028320312, 41.33945846557617], "outstretched": [1]}}, "pinch": [0.0], "finger_count": [5], "pry": [-13.220032691955566, 22.901046752929688, 7.5988359451293945], "sphere": {"pos": [563.4605102539062, 211.69839477539062, 77.00993347167969], "radius": [122.44337463378906]}, "pos": [524.7401733398438, 312.8987121582031, 59.79109191894531], "direction": [29.59197998046875, -13.220032691955566, 7.5988359451293945], "grab": [0.0], "confidence": [0.9598962664604187]}}}}