{"/": {"hand": {"1": {"finger": {"2": {"pos": [504.2117614746094, 404.4245910644531, 60.299190521240234], "velocity": [463.1605529785156, 595.9645385742188, 68.3560562133789], "outstretched": [0]}, "3": {"pos": [516.9879150390625, 413.9415283203125, 54.6995964050293], "velocity": [451.36627197265625, 593.9154663085938, 61.11163330078125], "outstretched": [0]}, "4": {"pos": [549.0135498046875, 420.62445068359375, 51.97536849975586], "velocity": [429.4619140625, 593.7857666015625, 59.27939987182617], "outstretched": [0]}, "0": {"pos": [493.57574462890625, 385.1679382324219, 60.2642822265625], "velocity": [419.91925048828125, 573.7188720703125, 57.05162811279297], "outstretched": [0]}, "1": {"pos": [505.16900634765625, 390.2764892578125, 62.17240524291992], "velocity": [421.81781005859375, 585.956298828125, 53.2219352722168], "outstretched": [0]}}, "pinch": [1.0], "finger_count": [0], "pry": [-8.441434860229492, 52.400848388671875, 27.94431495666504], "sphere": {"pos": [524.9619140625, 414.90106201171875, 53.96682357788086], "radius": [44.293270111083984]}, "pos": [572.7027587890625, 375.39398193359375, 47.20534133911133], "direction": [74.37012481689453, -8.441434860229492, 27.94431495666504], "grab": [1.0], "confidence": [0.6368945837020874]}}}}