{"/": {"hand": {"1": {"finger": {"2": {"pos": [673.83447265625, 424.37420654296875, 76.77749633789062], "velocity": [192.7123565673828, 717.2603759765625, 49.87286376953125], "outstretched": [1]}, "3": {"pos": [740.1852416992188, 423.5116271972656, 69.98968505859375], "velocity": [188.63356018066406, 725.5866088867188, 48.70089340209961], "outstretched": [1]}, "4": {"pos": [789.9326782226562, 418.17303466796875, 56.005794525146484], "velocity": [199.44200134277344, 689.6581420898438, 48.855857849121094], "outstretched": [1]}, "0": {"pos": [398.14764404296875, 413.7595520019531, 56.98828887939453], "velocity": [200.75990295410156, 642.290283203125, 52.82921600341797], "outstretched": [1]}, "1": {"pos": [561.2005004882812, 430.1158752441406, 77.07205200195312], "velocity": [205.3105010986328, 699.8360595703125, 49.58312225341797], "outstretched": [1]}}, "pinch": [0.0], "finger_count": [5], "pry": [-29.793771743774414, 13.443628311157227, 19.140687942504883], "sphere": {"pos": [613.0714111328125, 295.96551513671875, 79.4498519897461], "radius": [150.6083984375]}, "pos": [592.2491455078125, 393.0763244628906, 50.80955505371094], "direction": [31.2235107421875, -29.793771743774414, 19.140687942504883], "grab": [0.0], "confidence": [0.7090353965759277]}}}}