{"/": {"hand": {"1": {"finger": {"2": {"pos": [484.72344970703125, 332.52777099609375, 82.1943359375], "velocity": [294.58538818359375, 458.6783447265625, 58.84054183959961], "outstretched": [1]}, "3": {"pos": [490.6568908691406, 352.51239013671875, 79.1846694946289], "velocity": [277.1329650878906, 483.8376770019531, 60.47907257080078], "outstretched": [1]}, "4": {"pos": [489.5443115234375, 370.4111328125, 72.47618103027344], "velocity": [206.7337188720703, 492.1449890136719, 61.84714889526367], "outstretched": [1]}, "0": {"pos": [443.87298583984375, 295.5211181640625, 63.02630615234375], "velocity": [342.13226318359375, 479.8669128417969, 55.320858001708984], "outstretched": [0]}, "1": {"pos": [478.9189453125, 318.47833251953125, 79.74730682373047], "velocity": [327.7523193359375, 485.0849914550781, 56.94091796875], "outstretched": [1]}}, "pinch": [0.0], "finger_count": [4], "pry": [1.3688392639160156, 69.3601303100586, 13.639575004577637], "sphere": {"pos": [81.54550170898438, 354.9268493652344, 66.9249038696289], "radius": [205.7133026123047]}, "pos": [469.71728515625, 333.5664367675781, 53.56079864501953], "direction": [95.62398529052734, 1.3688392639160156, 13.639575004577637], "grab": [0.0], "confidence": [0.9178172945976257]}}}}