{"/": {"hand": {"1": {"finger": {"2": {"pos": [498.6296691894531, 338.39208984375, 78.636962890625], "velocity": [406.12921142578125, 505.8926086425781, 49.82838821411133], "outstretched": [1]}, "3": {"pos": [552.4375610351562, 343.38507080078125, 75.50150299072266], "velocity": [400.9439392089844, 510.0248107910156, 49.44492721557617], "outstretched": [1]}, "4": {"pos": [614.914306640625, 346.05816650390625, 67.88056945800781], "velocity": [400.9703369140625, 511.1947021484375, 49.248313903808594], "outstretched": [1]}, "0": {"pos": [350.7178649902344, 319.2313232421875, 59.0603141784668], "velocity": [405.902587890625, 497.6263122558594, 50.263893127441406], "outstretched": [1]}, "1": {"pos": [426.1925354003906, 335.7147216796875, 76.12980651855469], "velocity": [403.46923828125, 500.77728271484375, 50.1900634765625], "outstretched": [1]}}, "pinch": [0.0], "finger_count": [5], "pry": [-0.18586868047714233, 5.713337421417236, 1.4294416904449463], "sphere": {"pos": [352.2705993652344, 586.6809692382812, 50.16557312011719], "radius": [278.8133850097656]}, "pos": [491.8551940917969, 319.2506103515625, 52.408180236816406], "direction": [82.59294891357422, -0.18586868047714233, 1.4294416904449463], "grab": [0.0], "confidence": [0.9223592877388]}}}}