{"/": {"hand": {"1": {"finger": {"2": {"pos": [564.2610473632812, 400.4681091308594, 78.53663635253906], "velocity": [-539.3081665039062, 542.9640502929688, -5.109901428222656], "outstretched": [1]}, "3": {"pos": [541.227783203125, 422.06298828125, 71.1073989868164], "velocity": [-104.84243774414062, 304.996337890625, -80.20597839355469], "outstretched": [1]}, "4": {"pos": [493.89105224609375, 430.5750732421875, 64.07926940917969], "velocity": [1140.4072265625, 362.6689147949219, -14.61224365234375], "outstretched": [0]}, "0": {"pos": [452.4742431640625, 380.67230224609375, 64.73971557617188], "velocity": [906.1130981445312, 665.44580078125, 34.32283020019531], "outstretched": [0]}, "1": {"pos": [559.373291015625, 365.51837158203125, 78.00701904296875], "velocity": [-225.95635986328125, 841.1878662109375, -1.5183219909667969], "outstretched": [1]}}, "pinch": [0.40883496403694153], "finger_count": [3], "pry": [-8.613786697387695, 70.45063018798828, 16.34638214111328], "sphere": {"pos": [552.6119384765625, 400.94342041015625, 61.515235900878906], "radius": [51.22100067138672]}, "pos": [546.2367553710938, 375.67950439453125, 53.31772994995117], "direction": [62.68475341796875, -8.613786697387695, 16.34638214111328], "grab": [0.2195955216884613], "confidence": [0.4718286097049713]}}}}