{"/": {"hand": {"1": {"finger": {"2": {"pos": [565.8421020507812, 304.44219970703125, 85.4141845703125], "velocity": [380.33123779296875, 656.1033325195312, 68.50747680664062], "outstretched": [1]}, "3": {"pos": [624.9019775390625, 304.59423828125, 80.88587951660156], "velocity": [444.9306335449219, 455.0028381347656, 48.790611267089844], "outstretched": [1]}, "4": {"pos": [687.0806884765625, 328.4582824707031, 71.37269592285156], "velocity": [480.8943786621094, 296.66802978515625, 27.843854904174805], "outstretched": [1]}, "0": {"pos": [353.8629455566406, 312.40191650390625, 65.3314208984375], "velocity": [409.6090087890625, 493.40576171875, 62.03812789916992], "outstretched": [1]}, "1": {"pos": [484.9329833984375, 302.6915588378906, 84.10517883300781], "velocity": [343.66864013671875, 746.184326171875, 78.21043395996094], "outstretched": [1]}}, "pinch": [0.0], "finger_count": [5], "pry": [6.426450252532959, 10.606168746948242, 7.135882377624512], "sphere": {"pos": [592.83984375, 215.38955688476562, 64.85662841796875], "radius": [123.5853500366211]}, "pos": [513.1526489257812, 334.75390625, 58.360084533691406], "direction": [131.9776153564453, 6.426450252532959, 7.135882377624512], "grab": [0.0], "confidence": [0.8605022430419922]}}}}