{"/": {"hand": {"1": {"finger": {"2": {"pos": [592.3435668945312, 331.28314208984375, 82.11152648925781], "velocity": [1144.98388671875, 499.21551513671875, 31.219757080078125], "outstretched": [1]}, "3": {"pos": [598.192626953125, 351.78350830078125, 79.83189392089844], "velocity": [1144.562255859375, 495.9685363769531, 30.23387336730957], "outstretched": [1]}, "4": {"pos": [601.3970336914062, 375.3817443847656, 73.79115295410156], "velocity": [1130.731689453125, 487.0365295410156, 29.029172897338867], "outstretched": [1]}, "0": {"pos": [564.8994750976562, 298.24517822265625, 60.695823669433594], "velocity": [1162.680908203125, 495.0187072753906, 31.708452224731445], "outstretched": [1]}, "1": {"pos": [587.7963256835938, 317.64129638671875, 79.10831451416016], "velocity": [1140.833740234375, 485.157958984375, 31.691511154174805], "outstretched": [1]}}, "pinch": [0.0], "finger_count": [5], "pry": [6.926727771759033, 76.11841583251953, 9.227926254272461], "sphere": {"pos": [442.4251708984375, 341.0714111328125, 63.94973373413086], "radius": [94.1080093383789]}, "pos": [589.7067260742188, 346.8319396972656, 53.22591781616211], "direction": [126.78810119628906, 6.926727771759033, 9.227926254272461], "grab": [0.0], "confidence": [0.9527677297592163]}}}}