{"/": {"hand": {"1": {"finger": {"2": {"pos": [614.1658935546875, 432.3829650878906, 83.71038818359375], "velocity": [166.53587341308594, 415.67010498046875, 81.2130355834961], "outstretched": [1]}, "3": {"pos": [687.003662109375, 437.4984436035156, 77.6128921508789], "velocity": [154.8191375732422, 477.30419921875, 85.11738586425781], "outstretched": [1]}, "4": {"pos": [748.2846069335938, 442.3083801269531, 64.04400634765625], "velocity": [170.8064727783203, 612.4686889648438, 86.1445083618164], "outstretched": [1]}, "0": {"pos": [363.80224609375, 432.501708984375, 62.3855094909668], "velocity": [242.1341552734375, 428.4089050292969, 79.37165832519531], "outstretched": [1]}, "1": {"pos": [506.811767578125, 430.4195251464844, 83.18499755859375], "velocity": [171.55740356445312, 354.82611083984375, 78.70426940917969], "outstretched": [1]}}, "pinch": [0.0], "finger_count": [5], "pry": [-16.152189254760742, 11.296243667602539, 13.717756271362305], "sphere": {"pos": [592.8544311523438, 283.0758361816406, 79.06702423095703], "radius": [166.61813354492188]}, "pos": [555.9613037109375, 420.9526062011719, 55.752960205078125], "direction": [40.12516784667969, -16.152189254760742, 13.717756271362305], "grab": [0.0], "confidence": [0.6431996822357178]}}}}