{"/": {"hand": {"1": {"finger": {"2": {"pos": [484.555908203125, 328.414306640625, 78.8906021118164], "velocity": [375.84564208984375, 480.6802673339844, 49.87742614746094], "outstretched": [1]}, "3": {"pos": [535.09521484375, 342.34033203125, 74.99005889892578], "velocity": [381.1258239746094, 490.2493896484375, 49.475982666015625], "outstretched": [1]}, "4": {"pos": [594.0420532226562, 352.6105041503906, 66.47920989990234], "velocity": [364.1140441894531, 496.27398681640625, 50.30973434448242], "outstretched": [1]}, "0": {"pos": [337.5877685546875, 285.7095947265625, 58.80741500854492], "velocity": [415.79150390625, 442.68621826171875, 49.75138854980469], "outstretched": [1]}, "1": {"pos": [413.4291687011719, 316.05743408203125, 76.65968322753906], "velocity": [404.8450012207031, 456.7405090332031, 50.89197540283203], "outstretched": [1]}}, "pinch": [0.0], "finger_count": [5], "pry": [-3.495553731918335, 16.9952335357666, 2.2202980518341064], "sphere": {"pos": [240.39796447753906, 519.2869873046875, 48.54924011230469], "radius": [250.2095184326172]}, "pos": [483.12078857421875, 304.1441955566406, 50.90251541137695], "direction": [32.40359115600586, -3.495553731918335, 2.2202980518341064], "grab": [0.0], "confidence": [1.0]}}}}