{"/": {"hand": {"1": {"finger": {"2": {"pos": [513.9182739257812, 389.2365417480469, 58.90746307373047], "velocity": [300.0994873046875, 508.55303955078125, 45.172115325927734], "outstretched": [0]}, "3": {"pos": [522.7920532226562, 400.11737060546875, 53.71162033081055], "velocity": [337.8410339355469, 498.6712646484375, 44.94084930419922], "outstretched": [0]}, "4": {"pos": [553.24658203125, 406.7454833984375, 50.44149398803711], "velocity": [352.735107421875, 495.6170349121094, 46.76572799682617], "outstretched": [0]}, "0": {"pos": [498.3654479980469, 376.02825927734375, 58.226375579833984], "velocity": [337.4139404296875, 474.9354248046875, 53.35454177856445], "outstretched": [0]}, "1": {"pos": [535.5350952148438, 372.3907165527344, 64.38739776611328], "velocity": [361.97772216796875, 507.1107482910156, 50.50611114501953], "outstretched": [0]}}, "pinch": [1.0], "finger_count": [0], "pry": [-12.18193244934082, 53.68656539916992, 29.00919532775879], "sphere": {"pos": [520.2440185546875, 388.120849609375, 52.89012908935547], "radius": [42.780277252197266]}, "pos": [566.5203857421875, 359.55865478515625, 44.93694305419922], "direction": [68.72872924804688, -12.18193244934082, 29.00919532775879], "grab": [1.0], "confidence": [0.5209788680076599]}}}}