{"/": {"hand": {"1": {"finger": {"2": {"pos": [619.6587524414062, 386.3926086425781, 83.45720672607422], "velocity": [433.5539855957031, 579.0885620117188, 54.610755920410156], "outstretched": [1]}, "3": {"pos": [622.978515625, 424.6054992675781, 80.46656799316406], "velocity": [366.25146484375, 588.240234375, 50.997501373291016], "outstretched": [1]}, "4": {"pos": [553.4270629882812, 464.661376953125, 74.59339904785156], "velocity": [-84.6060791015625, 529.5548095703125, 64.34630584716797], "outstretched": [1]}, "0": {"pos": [371.2043151855469, 337.8873596191406, 66.46971893310547], "velocity": [505.7337341308594, 690.5848388671875, 78.44454956054688], "outstretched": [1]}, "1": {"pos": [570.2254638671875, 340.07373046875, 81.81847381591797], "velocity": [576.4569091796875, 548.7451782226562, 52.670162200927734], "outstretched": [1]}}, "pinch": [0.0], "finger_count": [5], "pry": [3.7297322750091553, 72.84475708007812, 12.620377540588379], "sphere": {"pos": [646.094970703125, 373.82220458984375, 67.06304931640625], "radius": [87.0181655883789]}, "pos": [499.15155029296875, 389.6484375, 58.89069747924805], "direction": [106.23284912109375, 3.7297322750091553, 12.620377540588379], "grab": [0.0], "confidence": [0.47425973415374756]}}}}