{"/": {"hand": {"1": {"finger": {"2": {"pos": [265.0878601074219, 314.64105224609375, 84.73291778564453], "velocity": [111.25567626953125, 528.1170654296875, 45.48353958129883], "outstretched": [1]}, "3": {"pos": [277.2626647949219, 330.09271240234375, 82.6092300415039], "velocity": [134.39529418945312, 518.3989868164062, 45.371376037597656], "outstretched": [1]}, "4": {"pos": [273.7041320800781, 355.134033203125, 76.5608139038086], "velocity": [192.70944213867188, 527.221435546875, 44.3293571472168], "outstretched": [1]}, "0": {"pos": [314.052978515625, 273.5926513671875, 63.50232696533203], "velocity": [145.73301696777344, 501.59588623046875, 49.469749450683594], "outstretched": [1]}, "1": {"pos": [289.06201171875, 299.37847900390625, 82.01850128173828], "velocity": [93.22314453125, 518.8544921875, 47.3005485534668], "outstretched": [1]}}, "pinch": [0.0], "finger_count": [5], "pry": [4.122725963592529, 96.40184020996094, 2.426187038421631], "sphere": {"pos": [109.34219360351562, 289.9236755371094, 63.75371551513672], "radius": [108.91442108154297]}, "pos": [289.3352966308594, 324.2009582519531, 56.28515625], "direction": [149.55186462402344, 4.122725963592529, 2.426187038421631], "grab": [0.0], "confidence": [0.8316925168037415]}}}}