{"/": {"hand": {"1": {"finger": {"2": {"pos": [823.607421875, 326.38836669921875, 75.95436096191406], "velocity": [802.2035522460938, 497.524169921875, 37.7301025390625], "outstretched": [1]}, "3": {"pos": [837.3204345703125, 349.1422424316406, 72.93972778320312], "velocity": [932.8458251953125, 482.2506103515625, 28.384157180786133], "outstretched": [1]}, "4": {"pos": [837.0458984375, 370.90411376953125, 66.34222412109375], "velocity": [1004.4153442382812, 473.5904541015625, 21.551210403442383], "outstretched": [1]}, "0": {"pos": [751.904296875, 295.66552734375, 56.47959899902344], "velocity": [538.9491577148438, 485.28826904296875, 53.07438278198242], "outstretched": [1]}, "1": {"pos": [807.30126953125, 311.643798828125, 73.64530944824219], "velocity": [702.9556884765625, 495.3536071777344, 44.5866813659668], "outstretched": [1]}}, "pinch": [0.0], "finger_count": [5], "pry": [4.827320575714111, 60.885990142822266, 19.95557975769043], "sphere": {"pos": [661.7059936523438, 338.89605712890625, 61.77153015136719], "radius": [84.30413055419922]}, "pos": [764.5545654296875, 339.9788513183594, 48.181026458740234], "direction": [103.09375, 4.827320575714111, 19.95557975769043], "grab": [0.0], "confidence": [0.8027153611183167]}}}}