{"/": {"hand": {"1": {"finger": {"2": {"pos": [588.420166015625, 330.81787109375, 85.496826171875], "velocity": [613.200927734375, 827.0916137695312, 18.67458152770996], "outstretched": [1]}, "3": {"pos": [650.06787109375, 339.36248779296875, 80.1601791381836], "velocity": [584.6629638671875, 739.7108154296875, 13.036205291748047], "outstretched": [1]}, "4": {"pos": [703.97216796875, 355.34857177734375, 68.04029083251953], "velocity": [586.314697265625, 624.8143920898438, 2.654998779296875], "outstretched": [1]}, "0": {"pos": [350.74456787109375, 325.63720703125, 64.61692810058594], "velocity": [633.2888793945312, 780.7084350585938, 39.93999481201172], "outstretched": [1]}, "1": {"pos": [491.1842346191406, 328.5927429199219, 84.86650085449219], "velocity": [626.4843139648438, 870.3762817382812, 24.668519973754883], "outstretched": [1]}}, "pinch": [0.0], "finger_count": [5], "pry": [-21.366029739379883, 19.85484504699707, 11.143301010131836], "sphere": {"pos": [564.7942504882812, 233.32208251953125, 78.11798095703125], "radius": [119.95326232910156]}, "pos": [535.1251831054688, 320.6109619140625, 57.52935791015625], "direction": [26.725482940673828, -21.366029739379883, 11.143301010131836], "grab": [0.0], "confidence": [0.9455905556678772]}}}}