{"/": {"hand": {"1": {"finger": {"2": {"pos": [487.21478271484375, 336.72265625, 78.6867904663086], "velocity": [388.760498046875, 494.6341857910156, 50.458316802978516], "outstretched": [1]}, "3": {"pos": [537.74658203125, 346.31005859375, 75.04076385498047], "velocity": [384.3895568847656, 509.84124755859375, 48.924720764160156], "outstretched": [1]}, "4": {"pos": [599.649169921875, 353.18475341796875, 66.77899932861328], "velocity": [390.4654235839844, 514.8485107421875, 47.7689208984375], "outstretched": [1]}, "0": {"pos": [337.9650573730469, 302.953369140625, 59.011810302734375], "velocity": [378.3890380859375, 481.0016174316406, 49.02962112426758], "outstretched": [1]}, "1": {"pos": [415.6095886230469, 327.9329833984375, 76.42518615722656], "velocity": [386.8915100097656, 491.0307312011719, 50.38509750366211], "outstretched": [1]}}, "pinch": [0.0], "finger_count": [5], "pry": [-1.7848221063613892, 11.025323867797852, 2.341525077819824], "sphere": {"pos": [294.39581298828125, 531.606689453125, 48.96586608886719], "radius": [241.6766815185547]}, "pos": [482.8524475097656, 311.39129638671875, 50.882938385009766], "direction": [52.6900634765625, -1.7848221063613892, 2.341525077819824], "grab": [0.0], "confidence": [1.0]}}}}