{"/": {"hand": {"1": {"finger": {"2": {"pos": [544.7197875976562, 396.05218505859375, 64.29533386230469], "velocity": [324.1747131347656, 469.9853210449219, 18.19169807434082], "outstretched": [0]}, "3": {"pos": [556.1549072265625, 412.45867919921875, 60.075592041015625], "velocity": [313.2358093261719, 464.4157409667969, 25.281635284423828], "outstretched": [0]}, "4": {"pos": [570.09619140625, 420.74688720703125, 55.61690902709961], "velocity": [383.1432189941406, 459.0781555175781, 29.62797737121582], "outstretched": [0]}, "0": {"pos": [514.6524658203125, 394.75439453125, 61.181793212890625], "velocity": [411.37225341796875, 501.27374267578125, 28.78501319885254], "outstretched": [0]}, "1": {"pos": [556.324462890625, 379.62054443359375, 68.51013946533203], "velocity": [358.7779235839844, 499.9375915527344, 35.46416473388672], "outstretched": [0]}}, "pinch": [1.0], "finger_count": [0], "pry": [-13.106524467468262, 57.090484619140625, 32.345218658447266], "sphere": {"pos": [537.452392578125, 381.19488525390625, 58.683284759521484], "radius": [43.75770568847656]}, "pos": [575.4136352539062, 370.16552734375, 48.579322814941406], "direction": [69.81385803222656, -13.106524467468262, 32.345218658447266], "grab": [1.0], "confidence": [0.5440248250961304]}}}}