{"/": {"hand": {"1": {"finger": {"2": {"pos": [231.530517578125, 309.6800842285156, 83.44461059570312], "velocity": [314.368408203125, 466.7034912109375, 42.72791290283203], "outstretched": [1]}, "3": {"pos": [248.4556427001953, 329.1380920410156, 81.7247314453125], "velocity": [328.9683837890625, 496.11297607421875, 45.16153335571289], "outstretched": [1]}, "4": {"pos": [253.77259826660156, 354.6829528808594, 75.82615661621094], "velocity": [381.4197692871094, 491.24029541015625, 46.158634185791016], "outstretched": [1]}, "0": {"pos": [293.16180419921875, 272.6551513671875, 62.84790802001953], "velocity": [386.4420471191406, 491.6955871582031, 46.17219161987305], "outstretched": [1]}, "1": {"pos": [257.1114501953125, 298.0503845214844, 81.11070251464844], "velocity": [336.3819885253906, 489.7018737792969, 45.24799346923828], "outstretched": [1]}}, "pinch": [0.0], "finger_count": [5], "pry": [5.2071380615234375, 92.72543334960938, -3.5219290256500244], "sphere": {"pos": [62.993072509765625, 284.62005615234375, 59.63529586791992], "radius": [124.5108642578125]}, "pos": [280.86053466796875, 324.4787902832031, 55.64995574951172], "direction": [-145.96673583984375, 5.2071380615234375, -3.5219290256500244], "grab": [0.0], "confidence": [0.8164486885070801]}}}}