{"/": {"hand": {"1": {"finger": {"2": {"pos": [608.72021484375, 381.7493896484375, 83.52218627929688], "velocity": [388.08294677734375, 464.7781982421875, 48.44188690185547], "outstretched": [1]}, "3": {"pos": [636.1217041015625, 413.6783752441406, 80.39877319335938], "velocity": [226.58985900878906, 539.4503784179688, 56.18650436401367], "outstretched": [1]}, "4": {"pos": [637.02490234375, 453.2068176269531, 72.46832275390625], "velocity": [32.949615478515625, 593.077880859375, 60.433692932128906], "outstretched": [1]}, "0": {"pos": [360.81488037109375, 333.0350341796875, 63.20576095581055], "velocity": [345.6457824707031, 347.4472351074219, 46.86726379394531], "outstretched": [1]}, "1": {"pos": [532.2395629882812, 347.9874572753906, 82.44989776611328], "velocity": [477.8822326660156, 377.8443298339844, 44.68385314941406], "outstretched": [1]}}, "pinch": [0.0], "finger_count": [5], "pry": [7.054279804229736, 51.321319580078125, 11.884827613830566], "sphere": {"pos": [688.8037109375, 311.2003173828125, 63.09785461425781], "radius": [132.33026123046875]}, "pos": [491.33587646484375, 402.43463134765625, 59.30535888671875], "direction": [120.45509338378906, 7.054279804229736, 11.884827613830566], "grab": [0.0], "confidence": [0.706363320350647]}}}}