{"/": {"hand": {"1": {"finger": {"2": {"pos": [532.9736328125, 387.7626953125, 59.81620788574219], "velocity": [253.72772216796875, 485.091552734375, 37.683502197265625], "outstretched": [0]}, "3": {"pos": [537.6241455078125, 400.72955322265625, 54.82760238647461], "velocity": [218.07711791992188, 449.5798034667969, 23.583635330200195], "outstretched": [0]}, "4": {"pos": [564.1297607421875, 407.6549072265625, 51.135963439941406], "velocity": [326.30535888671875, 460.547607421875, 35.388145446777344], "outstretched": [0]}, "0": {"pos": [510.11920166015625, 380.1973876953125, 57.92619323730469], "velocity": [292.940673828125, 402.525634765625, 45.07633972167969], "outstretched": [0]}, "1": {"pos": [545.2584228515625, 371.1329040527344, 64.55142211914062], "velocity": [312.60614013671875, 462.675537109375, 36.19963836669922], "outstretched": [0]}}, "pinch": [1.0], "finger_count": [0], "pry": [-11.565378189086914, 54.1139030456543, 30.192258834838867], "sphere": {"pos": [528.0673828125, 379.8206787109375, 53.94397735595703], "radius": [42.18729019165039]}, "pos": [572.261474609375, 359.8294372558594, 44.917930603027344], "direction": [70.62232971191406, -11.565378189086914, 30.192258834838867], "grab": [1.0], "confidence": [0.6312650442123413]}}}}