{"/": {"hand": {"1": {"finger": {"2": {"pos": [497.1392822265625, 337.5325622558594, 78.6544418334961], "velocity": [412.2252502441406, 507.208251953125, 49.45076370239258], "outstretched": [1]}, "3": {"pos": [551.6166381835938, 341.8109130859375, 75.5882568359375], "velocity": [411.45257568359375, 509.81549072265625, 49.210411071777344], "outstretched": [1]}, "4": {"pos": [613.837890625, 345.0169677734375, 67.94983673095703], "velocity": [413.704833984375, 506.4242858886719, 49.351165771484375], "outstretched": [1]}, "0": {"pos": [349.63037109375, 318.9698486328125, 59.02309036254883], "velocity": [411.9344787597656, 504.7263488769531, 49.726409912109375], "outstretched": [1]}, "1": {"pos": [425.0499267578125, 335.2570495605469, 76.11261749267578], "velocity": [411.6918029785156, 504.17413330078125, 49.678619384765625], "outstretched": [1]}}, "pinch": [0.0], "finger_count": [5], "pry": [-0.15234938263893127, 5.808088302612305, 1.4337389469146729], "sphere": {"pos": [351.46331787109375, 595.6187744140625, 50.03195571899414], "radius": [287.661376953125]}, "pos": [490.7922058105469, 319.17828369140625, 52.37169647216797], "direction": [83.93573760986328, -0.15234938263893127, 1.4337389469146729], "grab": [0.0], "confidence": [0.9249254465103149]}}}}