{"/": {"hand": {"1": {"finger": {"2": {"pos": [594.2342529296875, 346.9620361328125, 84.14402770996094], "velocity": [576.4215087890625, 936.9910278320312, 12.065509796142578], "outstretched": [1]}, "3": {"pos": [654.3782958984375, 352.66278076171875, 78.75263977050781], "velocity": [523.755126953125, 862.509521484375, 10.101306915283203], "outstretched": [1]}, "4": {"pos": [710.9642944335938, 362.0519714355469, 66.47779846191406], "velocity": [589.1142578125, 683.922607421875, 5.3617401123046875], "outstretched": [1]}, "0": {"pos": [366.432861328125, 345.2232666015625, 63.81440353393555], "velocity": [844.1287841796875, 1022.9556274414062, 29.57869529724121], "outstretched": [1]}, "1": {"pos": [498.14105224609375, 346.18170166015625, 83.58197021484375], "velocity": [607.6651611328125, 971.4100341796875, 14.776020050048828], "outstretched": [1]}}, "pinch": [0.0], "finger_count": [5], "pry": [-25.069063186645508, 17.172183990478516, 12.883707046508789], "sphere": {"pos": [563.6997680664062, 250.62673950195312, 78.27507781982422], "radius": [116.34526824951172]}, "pos": [540.3782348632812, 327.8979797363281, 56.54522705078125], "direction": [26.057531356811523, -25.069063186645508, 12.883707046508789], "grab": [0.0], "confidence": [0.9503993391990662]}}}}