{"/": {"hand": {"1": {"finger": {"2": {"pos": [489.76904296875, 336.6571960449219, 78.71025085449219], "velocity": [369.6382751464844, 489.11444091796875, 48.97896957397461], "outstretched": [1]}, "3": {"pos": [540.1385498046875, 345.10675048828125, 75.16905212402344], "velocity": [377.4883117675781, 494.40869140625, 48.5861930847168], "outstretched": [1]}, "4": {"pos": [602.4340209960938, 350.53839111328125, 67.08186340332031], "velocity": [360.01971435546875, 515.5339965820312, 46.743202209472656], "outstretched": [1]}, "0": {"pos": [340.8088684082031, 306.0403747558594, 59.056427001953125], "velocity": [374.55242919921875, 472.6928405761719, 47.95248794555664], "outstretched": [1]}, "1": {"pos": [417.6859436035156, 329.1941223144531, 76.37902069091797], "velocity": [384.77825927734375, 477.24420166015625, 49.50607681274414], "outstretched": [1]}}, "pinch": [0.0], "finger_count": [5], "pry": [-1.4563298225402832, 9.815013885498047, 2.1785242557525635], "sphere": {"pos": [302.9069519042969, 545.591796875, 48.71108627319336], "radius": [252.56369018554688]}, "pos": [484.0071716308594, 312.138916015625, 50.96491241455078], "direction": [56.24457931518555, -1.4563298225402832, 2.1785242557525635], "grab": [0.0], "confidence": [0.9891088604927063]}}}}