{"/": {"hand": {"1": {"finger": {"2": {"pos": [502.2554016113281, 391.7081604003906, 58.937721252441406], "velocity": [384.32861328125, 517.2774047851562, 49.21757888793945], "outstretched": [0]}, "3": {"pos": [514.9962768554688, 402.1660461425781, 53.96152877807617], "velocity": [345.3160400390625, 510.27655029296875, 44.108177185058594], "outstretched": [0]}, "4": {"pos": [547.5173950195312, 408.8898620605469, 51.03053283691406], "velocity": [385.9715270996094, 515.7425537109375, 49.39228057861328], "outstretched": [0]}, "0": {"pos": [493.4793701171875, 375.2164611816406, 59.29173278808594], "velocity": [384.086669921875, 497.29058837890625, 51.768821716308594], "outstretched": [0]}, "1": {"pos": [524.6694946289062, 376.3043212890625, 64.47679138183594], "velocity": [240.59080505371094, 552.6104125976562, 35.15081787109375], "outstretched": [0]}}, "pinch": [1.0], "finger_count": [0], "pry": [-11.06655502319336, 53.67731475830078, 28.237728118896484], "sphere": {"pos": [518.8430786132812, 398.668212890625, 53.042449951171875], "radius": [44.34272766113281]}, "pos": [567.2042236328125, 362.7589111328125, 45.938499450683594], "direction": [69.98885345458984, -11.06655502319336, 28.237728118896484], "grab": [1.0], "confidence": [0.5406287908554077]}}}}