{"/": {"hand": {"1": {"finger": {"2": {"pos": [664.248291015625, 433.40185546875, 76.73856353759766], "velocity": [210.1922149658203, 670.3948364257812, 52.26289367675781], "outstretched": [1]}, "3": {"pos": [730.741455078125, 433.0690612792969, 70.01509094238281], "velocity": [215.9127960205078, 685.0333862304688, 53.89011764526367], "outstretched": [1]}, "4": {"pos": [782.189208984375, 427.07073974609375, 56.079776763916016], "velocity": [254.90350341796875, 677.7551879882812, 55.229496002197266], "outstretched": [1]}, "0": {"pos": [391.1990051269531, 421.87738037109375, 56.741973876953125], "velocity": [268.6347961425781, 646.1617431640625, 46.989173889160156], "outstretched": [1]}, "1": {"pos": [552.0958251953125, 438.2374267578125, 76.94905090332031], "velocity": [216.15118408203125, 649.7919311523438, 50.045467376708984], "outstretched": [1]}}, "pinch": [0.0], "finger_count": [5], "pry": [-29.967975616455078, 13.716158866882324, 18.50849723815918], "sphere": {"pos": [607.0468139648438, 303.9478759765625, 79.43305969238281], "radius": [151.18182373046875]}, "pos": [584.9981689453125, 401.63641357421875, 50.68547439575195], "direction": [30.138200759887695, -29.967975616455078, 18.50849723815918], "grab": [0.0], "confidence": [0.5126320123672485]}}}}