{"/": {"hand": {"1": {"finger": {"2": {"pos": [625.6907348632812, 376.8419494628906, 86.5671615600586], "velocity": [327.2815246582031, 499.5424499511719, 64.87114715576172], "outstretched": [1]}, "3": {"pos": [675.176025390625, 395.873046875, 83.74911499023438], "velocity": [277.76171875, 487.8741760253906, 64.24520874023438], "outstretched": [1]}, "4": {"pos": [710.3264770507812, 441.0024108886719, 77.99005126953125], "velocity": [243.8726806640625, 488.03155517578125, 60.96809005737305], "outstretched": [1]}, "0": {"pos": [370.6087646484375, 384.86669921875, 64.3070297241211], "velocity": [370.1351013183594, 343.03826904296875, 50.842247009277344], "outstretched": [1]}, "1": {"pos": [552.4061889648438, 366.13275146484375, 84.61760711669922], "velocity": [301.4399719238281, 457.90704345703125, 62.9742317199707], "outstretched": [1]}}, "pinch": [0.0], "finger_count": [5], "pry": [22.878231048583984, 34.017398834228516, 8.848173141479492], "sphere": {"pos": [672.5593872070312, 306.8003845214844, 60.223567962646484], "radius": [139.87948608398438]}, "pos": [539.2216796875, 433.7703857421875, 63.90991973876953], "direction": [159.75038146972656, 22.878231048583984, 8.848173141479492], "grab": [0.0], "confidence": [0.27833041548728943]}}}}