{"/": {"hand": {"1": {"finger": {"2": {"pos": [569.8548583984375, 287.136474609375, 89.27574157714844], "velocity": [334.34600830078125, 394.8233642578125, 54.027122497558594], "outstretched": [1]}, "3": {"pos": [626.8181762695312, 309.02099609375, 86.00275421142578], "velocity": [369.4519348144531, 381.83648681640625, 53.3284912109375], "outstretched": [1]}, "4": {"pos": [668.168212890625, 353.2216796875, 77.91053009033203], "velocity": [438.7960205078125, 354.18304443359375, 46.436767578125], "outstretched": [1]}, "0": {"pos": [324.78466796875, 300.05035400390625, 66.9815673828125], "velocity": [396.0489196777344, 458.9397888183594, 48.65183639526367], "outstretched": [1]}, "1": {"pos": [473.3662109375, 271.265869140625, 86.92646789550781], "velocity": [304.09124755859375, 436.8118591308594, 55.75732421875], "outstretched": [1]}}, "pinch": [0.0], "finger_count": [5], "pry": [3.4740331172943115, 30.101533889770508, 5.8186140060424805], "sphere": {"pos": [576.5027465820312, 215.580322265625, 71.7611312866211], "radius": [119.7236328125]}, "pos": [511.1672058105469, 327.8650817871094, 63.15147399902344], "direction": [120.78358459472656, 3.4740331172943115, 5.8186140060424805], "grab": [0.0], "confidence": [0.8505253791809082]}}}}