{"/": {"hand": {"1": {"finger": {"2": {"pos": [625.8759155273438, 374.6749572753906, 86.3695068359375], "velocity": [287.52398681640625, 382.4604187011719, 65.73806762695312], "outstretched": [1]}, "3": {"pos": [676.4091796875, 393.888916015625, 83.62308502197266], "velocity": [234.947509765625, 379.38494873046875, 70.18544006347656], "outstretched": [1]}, "4": {"pos": [712.8302001953125, 439.0316162109375, 77.99456787109375], "velocity": [235.0672607421875, 380.6564025878906, 70.67768859863281], "outstretched": [1]}, "0": {"pos": [370.5206604003906, 386.8362731933594, 64.3541259765625], "velocity": [335.5711669921875, 306.1649169921875, 54.125850677490234], "outstretched": [1]}, "1": {"pos": [552.7178955078125, 365.0642395019531, 84.44638061523438], "velocity": [240.5186309814453, 370.0881042480469, 65.82222747802734], "outstretched": [1]}}, "pinch": [0.0], "finger_count": [5], "pry": [23.7559871673584, 33.247474670410156, 8.714133262634277], "sphere": {"pos": [669.0234375, 305.3309326171875, 59.76213455200195], "radius": [140.30032348632812]}, "pos": [541.160400390625, 433.8741149902344, 63.96620178222656], "direction": [160.7996826171875, 23.7559871673584, 8.714133262634277], "grab": [0.0], "confidence": [0.13387371599674225]}}}}