{"/": {"hand": {"1": {"finger": {"2": {"pos": [234.18917846679688, 310.7277526855469, 83.72982025146484], "velocity": [278.62628173828125, 465.1492919921875, 44.18537902832031], "outstretched": [1]}, "3": {"pos": [250.5765380859375, 329.3441162109375, 81.92955780029297], "velocity": [306.60205078125, 497.19989013671875, 46.877471923828125], "outstretched": [1]}, "4": {"pos": [254.04678344726562, 354.97930908203125, 75.99075317382812], "velocity": [344.9388427734375, 491.97064208984375, 47.48149108886719], "outstretched": [1]}, "0": {"pos": [293.3834533691406, 272.94696044921875, 62.99956512451172], "velocity": [349.8353271484375, 493.73638916015625, 47.109745025634766], "outstretched": [1]}, "1": {"pos": [259.19305419921875, 298.40411376953125, 81.3128662109375], "velocity": [307.2496643066406, 490.56072998046875, 46.58234405517578], "outstretched": [1]}}, "pinch": [0.0], "finger_count": [5], "pry": [5.046829700469971, 93.27474212646484, -2.5471904277801514], "sphere": {"pos": [68.48666381835938, 285.6595764160156, 60.445091247558594], "radius": [121.39777374267578]}, "pos": [279.15155029296875, 324.6077575683594, 55.78683853149414], "direction": [-153.263916015625, 5.046829700469971, -2.5471904277801514], "grab": [0.0], "confidence": [0.8141403198242188]}}}}