{"/": {"hand": {"1": {"finger": {"2": {"pos": [486.00634765625, 334.7115478515625, 78.88428497314453], "velocity": [397.2320556640625, 485.19134521484375, 51.647422790527344], "outstretched": [1]}, "3": {"pos": [536.3245849609375, 346.09368896484375, 75.10224914550781], "velocity": [395.6108093261719, 496.79925537109375, 50.72334671020508], "outstretched": [1]}, "4": {"pos": [597.9765625, 354.5499267578125, 66.63895416259766], "velocity": [396.3949890136719, 500.4643249511719, 50.177452087402344], "outstretched": [1]}, "0": {"pos": [335.6679992675781, 299.11041259765625, 59.004188537597656], "velocity": [385.474609375, 477.3711853027344, 49.83180236816406], "outstretched": [1]}, "1": {"pos": [413.8870849609375, 325.45782470703125, 76.59322357177734], "velocity": [391.1839904785156, 485.1253356933594, 51.23271179199219], "outstretched": [1]}}, "pinch": [0.0], "finger_count": [5], "pry": [-2.2029764652252197, 12.589225769042969, 2.439082384109497], "sphere": {"pos": [274.75238037109375, 533.76123046875, 48.82328796386719], "radius": [248.69615173339844]}, "pos": [481.9031982421875, 310.34375, 50.94721221923828], "direction": [47.91486358642578, -2.2029764652252197, 2.439082384109497], "grab": [0.0], "confidence": [1.0]}}}}