{"/": {"hand": {"1": {"finger": {"2": {"pos": [721.0816650390625, 381.0452880859375, 74.82234954833984], "velocity": [167.59152221679688, 666.993408203125, 57.85569381713867], "outstretched": [1]}, "3": {"pos": [786.1316528320312, 383.60870361328125, 68.09002685546875], "velocity": [191.5621795654297, 661.076171875, 57.81257247924805], "outstretched": [1]}, "4": {"pos": [831.34375, 388.2546691894531, 54.38597869873047], "velocity": [214.54998779296875, 631.0713500976562, 56.44200134277344], "outstretched": [1]}, "0": {"pos": [438.1475830078125, 373.8158874511719, 54.66717529296875], "velocity": [274.02294921875, 633.4298095703125, 55.404441833496094], "outstretched": [1]}, "1": {"pos": [602.9608764648438, 387.07122802734375, 75.31945037841797], "velocity": [196.64959716796875, 636.8519897460938, 54.77912902832031], "outstretched": [1]}}, "pinch": [0.0], "finger_count": [5], "pry": [-23.704282760620117, 12.797464370727539, 17.639530181884766], "sphere": {"pos": [664.0372314453125, 247.1156768798828, 74.76258087158203], "radius": [155.868896484375]}, "pos": [637.19189453125, 360.43890380859375, 48.298553466796875], "direction": [35.9130859375, -23.704282760620117, 17.639530181884766], "grab": [0.0], "confidence": [0.8128933310508728]}}}}