{"/": {"hand": {"1": {"finger": {"2": {"pos": [748.8539428710938, 361.02734375, 73.89916229248047], "velocity": [200.8917694091797, 671.0560302734375, 56.62013626098633], "outstretched": [1]}, "3": {"pos": [811.8646240234375, 364.0837097167969, 67.22814178466797], "velocity": [218.81512451171875, 665.205810546875, 56.202144622802734], "outstretched": [1]}, "4": {"pos": [854.3203125, 374.46673583984375, 53.76103210449219], "velocity": [217.85533142089844, 644.9285278320312, 55.22304916381836], "outstretched": [1]}, "0": {"pos": [457.9681701660156, 356.126220703125, 54.24253845214844], "velocity": [243.65330505371094, 601.239501953125, 49.41269302368164], "outstretched": [1]}, "1": {"pos": [628.6690673828125, 369.5618591308594, 74.73892211914062], "velocity": [209.5266876220703, 619.8551025390625, 53.438289642333984], "outstretched": [1]}}, "pinch": [0.0], "finger_count": [5], "pry": [-18.366735458374023, 10.567131996154785, 18.518722534179688], "sphere": {"pos": [691.916015625, 213.51092529296875, 72.09841918945312], "radius": [168.94241333007812]}, "pos": [659.8244018554688, 349.9156494140625, 47.268184661865234], "direction": [45.25321578979492, -18.366735458374023, 18.518722534179688], "grab": [0.0], "confidence": [0.6863794922828674]}}}}