{"/": {"hand": {"1": {"finger": {"2": {"pos": [578.1634521484375, 341.5958251953125, 85.11056518554688], "velocity": [307.6123046875, -159.05255126953125, 47.402442932128906], "outstretched": [1]}, "3": {"pos": [623.343994140625, 347.8316650390625, 81.5337142944336], "velocity": [446.14312744140625, 50.25897216796875, 54.29199981689453], "outstretched": [1]}, "4": {"pos": [684.8077392578125, 389.37371826171875, 73.08563232421875], "velocity": [346.63702392578125, 30.061859130859375, 63.94547653198242], "outstretched": [1]}, "0": {"pos": [361.1141357421875, 351.1429443359375, 66.04145812988281], "velocity": [266.66607666015625, 38.89984130859375, 48.60551834106445], "outstretched": [1]}, "1": {"pos": [506.6014404296875, 331.5699462890625, 83.14768981933594], "velocity": [173.56646728515625, -109.06036376953125, 47.170982360839844], "outstretched": [1]}}, "pinch": [0.0], "finger_count": [5], "pry": [16.32899284362793, 23.60630226135254, 8.768370628356934], "sphere": {"pos": [629.594482421875, 267.3675537109375, 61.24617385864258], "radius": [125.16929626464844]}, "pos": [514.05859375, 381.42022705078125, 59.46736526489258], "direction": [152.2340545654297, 16.32899284362793, 8.768370628356934], "grab": [0.0], "confidence": [0.4928975999355316]}}}}