{"/": {"hand": {"1": {"finger": {"2": {"pos": [485.9065856933594, 330.5023193359375, 78.89633178710938], "velocity": [395.8123779296875, 479.8320617675781, 50.466800689697266], "outstretched": [1]}, "3": {"pos": [536.524169921875, 343.31268310546875, 75.05253601074219], "velocity": [396.6534423828125, 489.74700927734375, 49.874149322509766], "outstretched": [1]}, "4": {"pos": [596.743408203125, 353.09051513671875, 66.48352813720703], "velocity": [387.90557861328125, 494.4889221191406, 49.89225387573242], "outstretched": [1]}, "0": {"pos": [336.2987060546875, 290.6470642089844, 58.83643341064453], "velocity": [401.4888916015625, 455.2342834472656, 48.918235778808594], "outstretched": [1]}, "1": {"pos": [413.1998291015625, 319.6860656738281, 76.61505889892578], "velocity": [400.4257507324219, 473.05303955078125, 50.41593551635742], "outstretched": [1]}}, "pinch": [0.0], "finger_count": [5], "pry": [-3.344083547592163, 15.26287841796875, 2.2368245124816895], "sphere": {"pos": [252.04774475097656, 529.8001708984375, 48.20962142944336], "radius": [254.7198486328125]}, "pos": [482.7616271972656, 306.1865234375, 50.914371490478516], "direction": [33.761539459228516, -3.344083547592163, 2.2368245124816895], "grab": [0.0], "confidence": [1.0]}}}}