{"/": {"hand": {"1": {"finger": {"2": {"pos": [567.154541015625, 439.063720703125, 66.81309509277344], "velocity": [691.6419677734375, 694.95947265625, 155.5946807861328], "outstretched": [0]}, "3": {"pos": [599.0678100585938, 439.7151184082031, 64.11283874511719], "velocity": [760.501953125, 575.1201171875, 126.10572814941406], "outstretched": [0]}, "4": {"pos": [685.192626953125, 416.06219482421875, 63.186668395996094], "velocity": [833.4992065429688, 463.5011291503906, 70.80767059326172], "outstretched": [0]}, "0": {"pos": [485.15277099609375, 371.12896728515625, 70.36781311035156], "velocity": [-84.236328125, -27.66363525390625, 62.567909240722656], "outstretched": [1]}, "1": {"pos": [544.0401611328125, 427.69207763671875, 65.1332015991211], "velocity": [449.45562744140625, 610.514404296875, 76.13990783691406], "outstretched": [0]}}, "pinch": [0.0], "finger_count": [1], "pry": [19.263774871826172, 6.156141757965088, 33.535194396972656], "sphere": {"pos": [576.8240966796875, 421.42535400390625, 67.16705322265625], "radius": [50.16986846923828]}, "pos": [585.0804443359375, 392.60968017578125, 56.96805953979492], "direction": [117.80316162109375, 19.263774871826172, 33.535194396972656], "grab": [1.0], "confidence": [0.23920537531375885]}}}}