{"/": {"hand": {"1": {"finger": {"2": {"pos": [553.3713989257812, 475.8299865722656, 83.37319946289062], "velocity": [95.24740600585938, 646.6547241210938, 121.10794067382812], "outstretched": [1]}, "3": {"pos": [605.93408203125, 474.6109313964844, 80.59186553955078], "velocity": [133.79257202148438, 685.7999267578125, 131.36679077148438], "outstretched": [1]}, "4": {"pos": [653.414306640625, 495.0345153808594, 71.60469055175781], "velocity": [161.64193725585938, 802.891357421875, 144.92250061035156], "outstretched": [1]}, "0": {"pos": [401.8549499511719, 441.544189453125, 63.87138366699219], "velocity": [307.11566162109375, 515.6751708984375, 77.72344970703125], "outstretched": [1]}, "1": {"pos": [506.51043701171875, 461.7886047363281, 81.48970031738281], "velocity": [383.8844909667969, 642.8186645507812, 99.81927490234375], "outstretched": [1]}}, "pinch": [0.0], "finger_count": [5], "pry": [-13.611383438110352, 33.78834915161133, 0.3816974461078644], "sphere": {"pos": [644.8030395507812, 391.44769287109375, 71.46837615966797], "radius": [101.15023040771484]}, "pos": [540.9488525390625, 451.5584411621094, 55.589134216308594], "direction": [1.5760035514831543, -13.611383438110352, 0.3816974461078644], "grab": [0.0], "confidence": [0.07948772609233856]}}}}