{"/": {"hand": {"1": {"finger": {"2": {"pos": [502.79339599609375, 395.65338134765625, 59.2989387512207], "velocity": [406.6585693359375, 551.7007446289062, 53.94105911254883], "outstretched": [0]}, "3": {"pos": [515.256103515625, 405.470458984375, 54.03313446044922], "velocity": [415.1371765136719, 542.551513671875, 50.523468017578125], "outstretched": [0]}, "4": {"pos": [548.7864379882812, 412.28656005859375, 51.4068489074707], "velocity": [424.3832092285156, 543.9492797851562, 54.31864547729492], "outstretched": [0]}, "0": {"pos": [494.2306823730469, 378.1139221191406, 59.75755310058594], "velocity": [401.28631591796875, 540.7666015625, 54.077213287353516], "outstretched": [0]}, "1": {"pos": [513.6708984375, 381.39453125, 63.2697639465332], "velocity": [70.40802001953125, 578.8738403320312, 8.071727752685547], "outstretched": [0]}}, "pinch": [1.0], "finger_count": [0], "pry": [-10.401360511779785, 53.23964309692383, 27.406681060791016], "sphere": {"pos": [522.240234375, 405.4377746582031, 53.23151397705078], "radius": [44.4807014465332]}, "pos": [571.6981201171875, 366.4583740234375, 46.623268127441406], "direction": [70.50502014160156, -10.401360511779785, 27.406681060791016], "grab": [1.0], "confidence": [0.5897200703620911]}}}}