{"/": {"hand": {"1": {"finger": {"2": {"pos": [756.1048583984375, 323.61669921875, 73.62459564208984], "velocity": [143.948974609375, 444.0626525878906, 52.13648986816406], "outstretched": [1]}, "3": {"pos": [816.2806396484375, 333.7564392089844, 68.06531524658203], "velocity": [268.88250732421875, 345.956787109375, 45.517494201660156], "outstretched": [1]}, "4": {"pos": [858.66943359375, 347.8171081542969, 57.94306945800781], "velocity": [282.88531494140625, 323.9292907714844, 41.56947708129883], "outstretched": [1]}, "0": {"pos": [555.9221801757812, 294.86737060546875, 56.339073181152344], "velocity": [-579.079833984375, 605.7623901367188, 39.97587203979492], "outstretched": [1]}, "1": {"pos": [673.912841796875, 317.90277099609375, 73.44032287597656], "velocity": [-242.70977783203125, 580.6683349609375, 58.639442443847656], "outstretched": [1]}}, "pinch": [0.0], "finger_count": [5], "pry": [6.801859378814697, 13.85212516784668, 19.871959686279297], "sphere": {"pos": [721.3922119140625, 326.5196838378906, 56.524383544921875], "radius": [60.058780670166016]}, "pos": [690.955322265625, 329.92010498046875, 45.97883987426758], "direction": [108.26287841796875, 6.801859378814697, 19.871959686279297], "grab": [0.0], "confidence": [0.5410886406898499]}}}}