{"/": {"hand": {"1": {"finger": {"2": {"pos": [586.1710815429688, 453.78863525390625, 77.5864486694336], "velocity": [240.42575073242188, 731.7203369140625, 46.968849182128906], "outstretched": [1]}, "3": {"pos": [637.5230102539062, 452.9202880859375, 73.18484497070312], "velocity": [234.1541290283203, 804.7083740234375, 36.73622512817383], "outstretched": [1]}, "4": {"pos": [686.888916015625, 454.8964538574219, 62.84286117553711], "velocity": [69.58590698242188, 993.6966552734375, 24.5599308013916], "outstretched": [1]}, "0": {"pos": [424.7357482910156, 440.1445007324219, 61.371341705322266], "velocity": [-126.69097900390625, 528.9330444335938, 99.337890625], "outstretched": [1]}, "1": {"pos": [510.7696838378906, 443.35443115234375, 77.74018859863281], "velocity": [338.3819885253906, 636.6514282226562, 55.4485969543457], "outstretched": [1]}}, "pinch": [0.0], "finger_count": [5], "pry": [-22.725292205810547, 21.29463005065918, 14.805807113647461], "sphere": {"pos": [608.6748046875, 357.9239807128906, 68.6812744140625], "radius": [99.67201232910156]}, "pos": [535.3546752929688, 419.0397644042969, 51.30705642700195], "direction": [32.25578689575195, -22.725292205810547, 14.805807113647461], "grab": [0.0], "confidence": [0.36617574095726013]}}}}