{"/": {"hand": {"1": {"finger": {"2": {"pos": [474.04986572265625, 326.2033996582031, 83.4461441040039], "velocity": [309.8935546875, 468.665283203125, 56.44325637817383], "outstretched": [1]}, "3": {"pos": [476.2725830078125, 350.33758544921875, 80.71489715576172], "velocity": [293.73529052734375, 494.95574951171875, 58.04426193237305], "outstretched": [1]}, "4": {"pos": [472.3526306152344, 368.894775390625, 74.24581146240234], "velocity": [268.33563232421875, 499.7002258300781, 59.043609619140625], "outstretched": [1]}, "0": {"pos": [435.2624206542969, 294.1777038574219, 63.78857421875], "velocity": [327.8332214355469, 491.5285339355469, 53.11226272583008], "outstretched": [0]}, "1": {"pos": [470.6177978515625, 314.99267578125, 80.81749725341797], "velocity": [339.85125732421875, 482.8111572265625, 55.36601638793945], "outstretched": [1]}}, "pinch": [0.0], "finger_count": [4], "pry": [3.3625285625457764, 72.96111297607422, 14.483541488647461], "sphere": {"pos": [102.68582153320312, 338.4305419921875, 69.0790786743164], "radius": [187.59129333496094]}, "pos": [451.70556640625, 335.365966796875, 54.90717315673828], "direction": [102.81429290771484, 3.3625285625457764, 14.483541488647461], "grab": [0.0], "confidence": [0.8756729364395142]}}}}