{"/": {"hand": {"1": {"finger": {"2": {"pos": [389.5696105957031, 308.85479736328125, 87.14631652832031], "velocity": [173.01852416992188, 470.64715576171875, 48.1982307434082], "outstretched": [1]}, "3": {"pos": [394.9517517089844, 334.16680908203125, 85.46902465820312], "velocity": [191.84503173828125, 450.62225341796875, 47.77121353149414], "outstretched": [1]}, "4": {"pos": [382.74139404296875, 357.1336669921875, 79.79991149902344], "velocity": [175.61795043945312, 461.27130126953125, 48.399452209472656], "outstretched": [1]}, "0": {"pos": [420.3692321777344, 280.2380676269531, 64.90699005126953], "velocity": [210.16183471679688, 473.6017150878906, 47.844356536865234], "outstretched": [1]}, "1": {"pos": [413.74249267578125, 300.81597900390625, 84.07002258300781], "velocity": [201.82000732421875, 471.0836486816406, 48.054115295410156], "outstretched": [1]}}, "pinch": [0.0], "finger_count": [5], "pry": [7.147375106811523, 99.32661437988281, 11.05214786529541], "sphere": {"pos": [173.98231506347656, 275.44635009765625, 68.61425018310547], "radius": [131.0715789794922]}, "pos": [382.1803894042969, 331.05059814453125, 59.009925842285156], "direction": [122.6999740600586, 7.147375106811523, 11.05214786529541], "grab": [0.0], "confidence": [0.7235560417175293]}}}}