{"/": {"hand": {"1": {"finger": {"2": {"pos": [490.06085205078125, 329.9610290527344, 80.43213653564453], "velocity": [513.2646484375, 543.3631591796875, 59.58531188964844], "outstretched": [1]}, "3": {"pos": [511.7431640625, 346.17431640625, 77.32743835449219], "velocity": [434.67474365234375, 562.4798583984375, 58.560420989990234], "outstretched": [1]}, "4": {"pos": [531.3347778320312, 361.52264404296875, 70.49494934082031], "velocity": [373.759033203125, 571.6549682617188, 58.515480041503906], "outstretched": [1]}, "0": {"pos": [434.0367126464844, 290.72393798828125, 61.75845718383789], "velocity": [540.9468383789062, 542.476806640625, 57.63252258300781], "outstretched": [0]}, "1": {"pos": [469.95538330078125, 310.4032897949219, 78.3702621459961], "velocity": [533.9180908203125, 558.9290771484375, 57.95551681518555], "outstretched": [1]}}, "pinch": [0.0], "finger_count": [4], "pry": [1.4601097106933594, 51.20745086669922, 8.112537384033203], "sphere": {"pos": [113.37075805664062, 420.0076599121094, 58.77196502685547], "radius": [221.5105438232422]}, "pos": [500.5064697265625, 319.476318359375, 52.051918029785156], "direction": [100.13825988769531, 1.4601097106933594, 8.112537384033203], "grab": [0.0], "confidence": [0.977040708065033]}}}}