{"/": {"hand": {"1": {"finger": {"2": {"pos": [494.138916015625, 331.05511474609375, 80.66500854492188], "velocity": [513.4632568359375, 535.321044921875, 57.899505615234375], "outstretched": [1]}, "3": {"pos": [513.6080322265625, 347.70318603515625, 77.54315948486328], "velocity": [450.4893798828125, 550.4481811523438, 57.149818420410156], "outstretched": [1]}, "4": {"pos": [530.7744140625, 363.2047119140625, 70.715576171875], "velocity": [384.2108154296875, 557.22119140625, 56.87629318237305], "outstretched": [1]}, "0": {"pos": [438.8470458984375, 292.0890197753906, 61.969600677490234], "velocity": [533.943603515625, 532.2139282226562, 56.32604217529297], "outstretched": [0]}, "1": {"pos": [475.22540283203125, 311.76641845703125, 78.57875061035156], "velocity": [540.9765014648438, 543.1365966796875, 56.975135803222656], "outstretched": [1]}}, "pinch": [0.0], "finger_count": [4], "pry": [1.5746641159057617, 53.02571105957031, 8.977466583251953], "sphere": {"pos": [106.08843994140625, 415.0009460449219, 60.001121520996094], "radius": [222.32489013671875]}, "pos": [500.87579345703125, 321.9937438964844, 52.21800231933594], "direction": [99.87107849121094, 1.5746641159057617, 8.977466583251953], "grab": [0.0], "confidence": [0.9827780723571777]}}}}