{"/": {"hand": {"1": {"finger": {"2": {"pos": [445.30499267578125, 326.43597412109375, 85.48046875], "velocity": [1179.36376953125, 502.82415771484375, 51.74763107299805], "outstretched": [1]}, "3": {"pos": [451.95208740234375, 345.36004638671875, 83.3072509765625], "velocity": [1128.3515625, 538.3309936523438, 54.23090744018555], "outstretched": [1]}, "4": {"pos": [457.002197265625, 370.9430847167969, 77.44000244140625], "velocity": [1049.6689453125, 542.8905029296875, 56.74568557739258], "outstretched": [1]}, "0": {"pos": [426.5625305175781, 291.42816162109375, 63.84137725830078], "velocity": [1063.1759033203125, 564.442626953125, 47.993927001953125], "outstretched": [1]}, "1": {"pos": [444.3458557128906, 312.9164733886719, 82.39096069335938], "velocity": [1175.6654052734375, 504.4145812988281, 50.111576080322266], "outstretched": [1]}}, "pinch": [0.0], "finger_count": [5], "pry": [7.4916181564331055, 77.71854400634766, 4.8494086265563965], "sphere": {"pos": [412.0724182128906, 346.2812805175781, 66.96009063720703], "radius": [54.410274505615234]}, "pos": [443.6079406738281, 343.2259521484375, 56.919288635253906], "direction": [147.17152404785156, 7.4916181564331055, 4.8494086265563965], "grab": [0.0], "confidence": [0.7466896176338196]}}}}