{"/": {"hand": {"1": {"finger": {"2": {"pos": [585.765625, 423.0937194824219, 78.06033325195312], "velocity": [383.5044860839844, 1105.93798828125, 2.205768585205078], "outstretched": [1]}, "3": {"pos": [641.7968139648438, 418.20147705078125, 74.37162017822266], "velocity": [354.10589599609375, 1004.4345703125, 19.05443572998047], "outstretched": [1]}, "4": {"pos": [708.943115234375, 408.3607177734375, 64.49977111816406], "velocity": [330.2572021484375, 907.779541015625, 41.613914489746094], "outstretched": [1]}, "0": {"pos": [436.91021728515625, 419.5608825683594, 56.10160827636719], "velocity": [813.578369140625, 1001.5438232421875, 8.563179016113281], "outstretched": [1]}, "1": {"pos": [500.2035217285156, 417.0537109375, 77.3094711303711], "velocity": [503.6739807128906, 1090.924072265625, 2.8835105895996094], "outstretched": [1]}}, "pinch": [0.0], "finger_count": [5], "pry": [-34.26959228515625, 8.820955276489258, 11.429024696350098], "sphere": {"pos": [560.7457885742188, 327.27294921875, 75.33665466308594], "radius": [101.34568786621094]}, "pos": [553.3449096679688, 372.3526611328125, 52.92164611816406], "direction": [16.52548599243164, -34.26959228515625, 11.429024696350098], "grab": [0.0], "confidence": [0.9587358832359314]}}}}