{"/": {"hand": {"1": {"finger": {"2": {"pos": [492.06097412109375, 337.246337890625, 78.51983642578125], "velocity": [373.29833984375, 489.23583984375, 46.35506820678711], "outstretched": [1]}, "3": {"pos": [542.3858032226562, 344.92413330078125, 75.04427337646484], "velocity": [357.88873291015625, 492.5574645996094, 45.887474060058594], "outstretched": [1]}, "4": {"pos": [605.3670043945312, 348.99951171875, 67.07666778564453], "velocity": [335.1354675292969, 502.0280456542969, 46.138458251953125], "outstretched": [1]}, "0": {"pos": [343.4698486328125, 308.8957824707031, 58.96422576904297], "velocity": [396.6044006347656, 470.54278564453125, 49.779666900634766], "outstretched": [1]}, "1": {"pos": [418.9469299316406, 330.71484375, 76.14791870117188], "velocity": [409.82891845703125, 477.6512451171875, 47.91874313354492], "outstretched": [1]}}, "pinch": [0.0], "finger_count": [5], "pry": [-1.1416757106781006, 8.97160816192627, 2.140126943588257], "sphere": {"pos": [314.1023864746094, 550.6701049804688, 48.86264419555664], "radius": [254.4392547607422]}, "pos": [485.03076171875, 313.24383544921875, 51.057804107666016], "direction": [61.92970275878906, -1.1416757106781006, 2.140126943588257], "grab": [0.0], "confidence": [0.9736156463623047]}}}}