{"/": {"hand": {"1": {"finger": {"2": {"pos": [308.80010986328125, 312.81976318359375, 85.068115234375], "velocity": [194.2840118408203, 515.7307739257812, 47.677001953125], "outstretched": [1]}, "3": {"pos": [316.190185546875, 329.63360595703125, 82.9310302734375], "velocity": [190.34764099121094, 490.37493896484375, 46.678985595703125], "outstretched": [1]}, "4": {"pos": [306.80426025390625, 354.16876220703125, 77.02860260009766], "velocity": [198.6184539794922, 493.8542175292969, 46.130531311035156], "outstretched": [1]}, "0": {"pos": [352.2694396972656, 275.4544677734375, 63.31587219238281], "velocity": [200.31349182128906, 488.5363464355469, 48.43757629394531], "outstretched": [1]}, "1": {"pos": [334.943603515625, 299.4140625, 82.12075805664062], "velocity": [172.02456665039062, 494.2489013671875, 47.792869567871094], "outstretched": [1]}}, "pinch": [0.0], "finger_count": [5], "pry": [4.485800266265869, 100.88119506835938, 7.252203941345215], "sphere": {"pos": [128.28497314453125, 277.8390808105469, 65.38192749023438], "radius": [118.1532974243164]}, "pos": [315.2674865722656, 325.1295471191406, 56.56033706665039], "direction": [121.6536636352539, 4.485800266265869, 7.252203941345215], "grab": [0.0], "confidence": [0.8545222282409668]}}}}