{"/": {"hand": {"1": {"finger": {"2": {"pos": [577.5629272460938, 334.665771484375, 89.15419006347656], "velocity": [399.206298828125, 230.0684814453125, 53.645450592041016], "outstretched": [1]}, "3": {"pos": [630.46435546875, 356.47705078125, 85.57492065429688], "velocity": [411.205322265625, 268.8662414550781, 58.97456359863281], "outstretched": [1]}, "4": {"pos": [669.4603271484375, 400.0349426269531, 76.98931884765625], "velocity": [371.7652587890625, 296.840087890625, 67.30451202392578], "outstretched": [1]}, "0": {"pos": [324.78460693359375, 336.51409912109375, 67.48141479492188], "velocity": [432.0591125488281, 256.269775390625, 47.4006233215332], "outstretched": [1]}, "1": {"pos": [483.65057373046875, 317.3979797363281, 87.38385009765625], "velocity": [376.4107666015625, 239.13150024414062, 50.948116302490234], "outstretched": [1]}}, "pinch": [0.0], "finger_count": [5], "pry": [3.65440034866333, 31.18438148498535, 8.798114776611328], "sphere": {"pos": [594.0693359375, 258.995361328125, 70.80487060546875], "radius": [122.82610321044922]}, "pos": [507.165283203125, 373.31951904296875, 63.2894401550293], "direction": [112.4235610961914, 3.65440034866333, 8.798114776611328], "grab": [0.0], "confidence": [0.8173531889915466]}}}}