{"/": {"hand": {"1": {"finger": {"2": {"pos": [635.7626953125, 454.9988708496094, 73.20438385009766], "velocity": [467.6733093261719, 705.5120849609375, 48.61315155029297], "outstretched": [1]}, "3": {"pos": [698.7811279296875, 443.26605224609375, 68.1695327758789], "velocity": [493.7377624511719, 738.749267578125, 38.61428451538086], "outstretched": [1]}, "4": {"pos": [745.1937255859375, 437.93426513671875, 56.16461944580078], "velocity": [414.50732421875, 798.93359375, 31.382442474365234], "outstretched": [1]}, "0": {"pos": [387.5220947265625, 418.2488708496094, 56.9593620300293], "velocity": [409.2449645996094, 661.0139770507812, 61.883201599121094], "outstretched": [1]}, "1": {"pos": [544.9541015625, 453.567138671875, 73.46676635742188], "velocity": [419.38421630859375, 639.8161010742188, 61.80923843383789], "outstretched": [1]}}, "pinch": [0.0], "finger_count": [5], "pry": [-34.79978942871094, 19.135391235351562, 14.954085350036621], "sphere": {"pos": [614.8115844726562, 307.7580871582031, 79.22462463378906], "radius": [158.57757568359375]}, "pos": [559.2373046875, 409.1417236328125, 48.38994216918945], "direction": [21.021560668945312, -34.79978942871094, 14.954085350036621], "grab": [0.0], "confidence": [0.4934534430503845]}}}}