{"/": {"hand": {"1": {"finger": {"2": {"pos": [303.9977722167969, 313.01544189453125, 85.04667663574219], "velocity": [161.06793212890625, 512.09326171875, 48.449581146240234], "outstretched": [1]}, "3": {"pos": [312.016845703125, 329.49169921875, 82.90255737304688], "velocity": [179.65237426757812, 491.7300109863281, 47.84845733642578], "outstretched": [1]}, "4": {"pos": [302.9084777832031, 354.1004638671875, 76.98516845703125], "velocity": [186.35797119140625, 494.9366149902344, 47.0396614074707], "outstretched": [1]}, "0": {"pos": [348.1589660644531, 275.188720703125, 63.34003829956055], "velocity": [184.81199645996094, 486.51409912109375, 49.82833480834961], "outstretched": [1]}, "1": {"pos": [330.07476806640625, 299.31500244140625, 82.12033081054688], "velocity": [149.3123016357422, 493.87396240234375, 49.09740447998047], "outstretched": [1]}}, "pinch": [0.0], "finger_count": [5], "pry": [4.444958686828613, 100.53692626953125, 6.819491386413574], "sphere": {"pos": [125.6478271484375, 278.767822265625, 65.22959899902344], "radius": [117.35125732421875]}, "pos": [312.14190673828125, 324.94580078125, 56.53455352783203], "direction": [123.02490997314453, 4.444958686828613, 6.819491386413574], "grab": [0.0], "confidence": [0.8582706451416016]}}}}