{"/": {"hand": {"1": {"finger": {"2": {"pos": [498.68182373046875, 338.57177734375, 78.62506103515625], "velocity": [402.5279846191406, 505.1199035644531, 49.69841384887695], "outstretched": [1]}, "3": {"pos": [552.2686767578125, 343.84356689453125, 75.46559143066406], "velocity": [395.7956848144531, 512.4977416992188, 49.05899429321289], "outstretched": [1]}, "4": {"pos": [614.8601684570312, 346.591552734375, 67.825927734375], "velocity": [399.2386474609375, 516.2985229492188, 48.35590744018555], "outstretched": [1]}, "0": {"pos": [350.7379455566406, 319.05279541015625, 59.05923080444336], "velocity": [402.8218688964844, 490.87762451171875, 50.04423522949219], "outstretched": [1]}, "1": {"pos": [426.1781005859375, 335.7174072265625, 76.12893676757812], "velocity": [400.567138671875, 500.036865234375, 50.0449333190918], "outstretched": [1]}}, "pinch": [0.0], "finger_count": [5], "pry": [-0.19913563132286072, 5.738424777984619, 1.4238080978393555], "sphere": {"pos": [350.5384521484375, 581.9269409179688, 50.30626678466797], "radius": [274.4284973144531]}, "pos": [491.8716125488281, 319.23223876953125, 52.409854888916016], "direction": [82.03976440429688, -0.19913563132286072, 1.4238080978393555], "grab": [0.0], "confidence": [0.9137965440750122]}}}}