{"/": {"hand": {"1": {"finger": {"2": {"pos": [615.8868408203125, 381.1231689453125, 82.95673370361328], "velocity": [447.951171875, 511.8370361328125, 44.65000534057617], "outstretched": [1]}, "3": {"pos": [627.43505859375, 417.32421875, 80.27705383300781], "velocity": [326.763916015625, 543.8580932617188, 46.156341552734375], "outstretched": [1]}, "4": {"pos": [598.834228515625, 460.5140686035156, 73.29867553710938], "velocity": [2.380767822265625, 570.26611328125, 58.58150863647461], "outstretched": [1]}, "0": {"pos": [363.04022216796875, 325.3066101074219, 63.93438720703125], "velocity": [439.5577087402344, 483.0716552734375, 58.27630615234375], "outstretched": [1]}, "1": {"pos": [550.6650390625, 338.9292907714844, 81.65222930908203], "velocity": [555.39599609375, 450.68145751953125, 42.42616271972656], "outstretched": [1]}}, "pinch": [0.0], "finger_count": [5], "pry": [6.671482563018799, 64.46358489990234, 13.629247665405273], "sphere": {"pos": [682.664794921875, 328.6168212890625, 64.06993103027344], "radius": [118.84086608886719]}, "pos": [490.0782775878906, 393.62835693359375, 59.03734588623047], "direction": [115.75320434570312, 6.671482563018799, 13.629247665405273], "grab": [0.0], "confidence": [0.707092821598053]}}}}