{"/": {"hand": {"1": {"finger": {"2": {"pos": [628.944580078125, 453.3715515136719, 84.79971313476562], "velocity": [519.1111450195312, 301.5800476074219, 62.20367431640625], "outstretched": [1]}, "3": {"pos": [694.949462890625, 464.6211853027344, 80.10039520263672], "velocity": [468.28778076171875, 383.28558349609375, 60.99762725830078], "outstretched": [1]}, "4": {"pos": [740.5512084960938, 491.8388671875, 70.03706359863281], "velocity": [347.0849609375, 516.0236206054688, 71.9062728881836], "outstretched": [1]}, "0": {"pos": [395.4385070800781, 433.65185546875, 61.188297271728516], "velocity": [362.16436767578125, 446.47833251953125, 70.24517822265625], "outstretched": [1]}, "1": {"pos": [547.6536254882812, 438.49566650390625, 83.2525634765625], "velocity": [590.741943359375, 276.26470947265625, 61.74984359741211], "outstretched": [1]}}, "pinch": [0.0], "finger_count": [5], "pry": [-5.417707443237305, 28.146284103393555, 3.5401804447174072], "sphere": {"pos": [670.0850830078125, 330.17822265625, 70.84257507324219], "radius": [148.29534912109375]}, "pos": [575.1376342773438, 462.768798828125, 56.71818542480469], "direction": [33.11753463745117, -5.417707443237305, 3.5401804447174072], "grab": [0.0], "confidence": [0.14663507044315338]}}}}