{"/": {"hand": {"1": {"finger": {"2": {"pos": [231.65333557128906, 308.0961608886719, 82.97599792480469], "velocity": [382.4380187988281, 450.7259521484375, 38.048431396484375], "outstretched": [1]}, "3": {"pos": [250.05755615234375, 328.8576354980469, 81.40684509277344], "velocity": [420.3721923828125, 492.3850402832031, 42.305023193359375], "outstretched": [1]}, "4": {"pos": [257.2135009765625, 354.31805419921875, 75.55609893798828], "velocity": [472.51715087890625, 488.5836486816406, 43.59075164794922], "outstretched": [1]}, "0": {"pos": [296.8760681152344, 272.350830078125, 62.591888427734375], "velocity": [482.59295654296875, 490.6601257324219, 43.471351623535156], "outstretched": [1]}, "1": {"pos": [258.38360595703125, 297.64385986328125, 80.78547668457031], "velocity": [418.90191650390625, 487.1864929199219, 42.14894485473633], "outstretched": [1]}}, "pinch": [0.0], "finger_count": [5], "pry": [5.419960975646973, 92.0605239868164, -4.776991367340088], "sphere": {"pos": [61.174407958984375, 283.2410888671875, 58.51287078857422], "radius": [128.0458984375]}, "pos": [286.96856689453125, 324.3701171875, 55.42200469970703], "direction": [-138.6269989013672, 5.419960975646973, -4.776991367340088], "grab": [0.0], "confidence": [0.81718510389328]}}}}