{"/": {"hand": {"1": {"finger": {"2": {"pos": [692.0234985351562, 405.58709716796875, 76.274169921875], "velocity": [214.35350036621094, 670.279052734375, 60.53425979614258], "outstretched": [1]}, "3": {"pos": [758.4564208984375, 405.1380310058594, 69.52986907958984], "velocity": [191.50982666015625, 660.6781005859375, 61.09695816040039], "outstretched": [1]}, "4": {"pos": [807.427490234375, 402.2770080566406, 55.61433792114258], "velocity": [221.85496520996094, 604.109375, 59.01254653930664], "outstretched": [1]}, "0": {"pos": [415.65673828125, 398.48828125, 56.3256721496582], "velocity": [221.1790313720703, 648.9634399414062, 64.1285629272461], "outstretched": [1]}, "1": {"pos": [578.1267700195312, 411.5708312988281, 76.6342544555664], "velocity": [235.21343994140625, 671.5708618164062, 60.79534912109375], "outstretched": [1]}}, "pinch": [0.0], "finger_count": [5], "pry": [-27.43385124206543, 12.518548011779785, 18.72649383544922], "sphere": {"pos": [628.8208618164062, 276.7098693847656, 77.81117248535156], "radius": [150.75958251953125]}, "pos": [609.9306030273438, 378.108154296875, 50.078758239746094], "direction": [33.146400451660156, -27.43385124206543, 18.72649383544922], "grab": [0.0], "confidence": [0.6524475812911987]}}}}