{"/": {"hand": {"1": {"finger": {"2": {"pos": [767.006591796875, 342.7417907714844, 73.49835968017578], "velocity": [399.6664733886719, 558.8751831054688, 50.30342102050781], "outstretched": [1]}, "3": {"pos": [828.9915771484375, 345.10931396484375, 66.8310317993164], "velocity": [394.283447265625, 579.888671875, 49.9061164855957], "outstretched": [1]}, "4": {"pos": [870.5338134765625, 360.1549072265625, 53.68840408325195], "velocity": [409.8147888183594, 522.833740234375, 43.3365364074707], "outstretched": [1]}, "0": {"pos": [474.08392333984375, 343.4986877441406, 54.79035186767578], "velocity": [331.349365234375, 586.508056640625, 44.12968063354492], "outstretched": [1]}, "1": {"pos": [646.2777709960938, 358.06378173828125, 74.63066101074219], "velocity": [399.7630615234375, 523.98291015625, 51.710662841796875], "outstretched": [1]}}, "pinch": [0.0], "finger_count": [5], "pry": [-11.913226127624512, 6.916989326477051, 19.867570877075195], "sphere": {"pos": [708.1727294921875, 183.69216918945312, 68.52569580078125], "radius": [180.49278259277344]}, "pos": [674.109619140625, 342.75994873046875, 46.92987060546875], "direction": [59.721824645996094, -11.913226127624512, 19.867570877075195], "grab": [0.0], "confidence": [0.6881434321403503]}}}}