{"/": {"hand": {"1": {"finger": {"2": {"pos": [476.61614990234375, 321.51202392578125, 79.43244171142578], "velocity": [447.5318908691406, 497.1573181152344, 52.37040710449219], "outstretched": [1]}, "3": {"pos": [509.73663330078125, 337.0901184082031, 76.28209686279297], "velocity": [388.05999755859375, 489.0086669921875, 53.738487243652344], "outstretched": [1]}, "4": {"pos": [542.5955200195312, 350.68878173828125, 69.40862274169922], "velocity": [322.654296875, 495.7454528808594, 54.559993743896484], "outstretched": [1]}, "0": {"pos": [410.67864990234375, 283.7104797363281, 60.712833404541016], "velocity": [531.0758666992188, 520.56396484375, 51.28260803222656], "outstretched": [1]}, "1": {"pos": [445.4554138183594, 302.77398681640625, 77.36824798583984], "velocity": [523.015625, 507.5124206542969, 51.97721481323242], "outstretched": [1]}}, "pinch": [0.0], "finger_count": [5], "pry": [1.0057883262634277, 38.93135452270508, 4.255992889404297], "sphere": {"pos": [173.69491577148438, 442.5841064453125, 54.05537796020508], "radius": [214.06582641601562]}, "pos": [497.3362121582031, 304.9842834472656, 51.368045806884766], "direction": [103.27406311035156, 1.0057883262634277, 4.255992889404297], "grab": [0.0], "confidence": [1.0]}}}}