{"/": {"hand": {"1": {"finger": {"2": {"pos": [511.0884094238281, 424.3215637207031, 58.45843505859375], "velocity": [502.137451171875, 527.8969116210938, 36.431419372558594], "outstretched": [0]}, "3": {"pos": [536.1471557617188, 433.6616516113281, 55.72230911254883], "velocity": [523.718017578125, 516.6463012695312, 43.78844451904297], "outstretched": [0]}, "4": {"pos": [571.9227905273438, 436.99945068359375, 54.1531982421875], "velocity": [538.3341064453125, 496.7655029296875, 49.20917892456055], "outstretched": [0]}, "0": {"pos": [493.0301513671875, 399.9432067871094, 62.195343017578125], "velocity": [447.508544921875, 507.7618408203125, 53.66419982910156], "outstretched": [0]}, "1": {"pos": [508.64837646484375, 412.9531555175781, 62.717933654785156], "velocity": [475.59564208984375, 535.0884399414062, 42.48167419433594], "outstretched": [0]}}, "pinch": [1.0], "finger_count": [0], "pry": [8.6382417678833, 36.735450744628906, 26.950138092041016], "sphere": {"pos": [547.2674560546875, 429.2012023925781, 57.383872985839844], "radius": [41.04975128173828]}, "pos": [577.2779541015625, 393.08526611328125, 49.37975311279297], "direction": [106.6361083984375, 8.6382417678833, 26.950138092041016], "grab": [1.0], "confidence": [0.3622224032878876]}}}}