{"/": {"hand": {"1": {"finger": {"2": {"pos": [503.2687683105469, 421.8463134765625, 59.88737487792969], "velocity": [435.48004150390625, 560.2247314453125, 39.16564178466797], "outstretched": [0]}, "3": {"pos": [525.476806640625, 432.13885498046875, 56.240081787109375], "velocity": [455.001708984375, 555.0132446289062, 44.746028900146484], "outstretched": [0]}, "4": {"pos": [559.3667602539062, 437.208984375, 54.14759826660156], "velocity": [479.374267578125, 542.2745361328125, 53.66437911987305], "outstretched": [0]}, "0": {"pos": [489.869873046875, 399.9818115234375, 61.92800521850586], "velocity": [387.7168273925781, 536.0638427734375, 55.816993713378906], "outstretched": [0]}, "1": {"pos": [502.470703125, 409.7312316894531, 63.37413787841797], "velocity": [376.3921203613281, 575.2479858398438, 41.557106018066406], "outstretched": [0]}}, "pinch": [1.0], "finger_count": [0], "pry": [2.2185370922088623, 44.47220993041992, 25.72188949584961], "sphere": {"pos": [536.279296875, 430.2833251953125, 56.956443786621094], "radius": [42.11058807373047]}, "pos": [575.9158935546875, 392.98797607421875, 49.48778533935547], "direction": [94.5976791381836, 2.2185370922088623, 25.72188949584961], "grab": [1.0], "confidence": [0.6874539852142334]}}}}