{"/": {"hand": {"1": {"finger": {"2": {"pos": [576.307373046875, 408.74407958984375, 85.26502227783203], "velocity": [430.2940673828125, 105.04443359375, 59.03770446777344], "outstretched": [1]}, "3": {"pos": [616.7134399414062, 402.8034973144531, 81.72100830078125], "velocity": [369.22125244140625, 48.890716552734375, 53.983341217041016], "outstretched": [1]}, "4": {"pos": [679.8814697265625, 437.31890869140625, 72.1053466796875], "velocity": [937.5859375, 323.01385498046875, 13.510059356689453], "outstretched": [1]}, "0": {"pos": [375.09185791015625, 395.7224426269531, 65.93135070800781], "velocity": [193.0144805908203, 110.3428955078125, 48.5505485534668], "outstretched": [1]}, "1": {"pos": [521.11767578125, 393.4398193359375, 83.34829711914062], "velocity": [280.961669921875, 22.05352783203125, 57.71350860595703], "outstretched": [1]}}, "pinch": [0.0], "finger_count": [5], "pry": [5.246599197387695, 25.920820236206055, 7.985835552215576], "sphere": {"pos": [633.1210327148438, 328.8296813964844, 65.9283676147461], "radius": [108.98406982421875]}, "pos": [523.961181640625, 418.45928955078125, 57.705936431884766], "direction": [123.20709991455078, 5.246599197387695, 7.985835552215576], "grab": [0.0], "confidence": [0.2186456173658371]}}}}