{"/": {"hand": {"1": {"finger": {"2": {"pos": [638.9592895507812, 329.93310546875, 80.98941040039062], "velocity": [1267.8212890625, 482.2528076171875, 27.992630004882812], "outstretched": [1]}, "3": {"pos": [645.490966796875, 350.57073974609375, 78.69878387451172], "velocity": [1286.7197265625, 487.0195007324219, 27.550636291503906], "outstretched": [1]}, "4": {"pos": [647.3887939453125, 373.975830078125, 72.65687561035156], "velocity": [1258.400634765625, 480.771240234375, 27.062158584594727], "outstretched": [1]}, "0": {"pos": [606.259765625, 297.8243103027344, 59.64508056640625], "velocity": [1199.1787109375, 493.6931457519531, 29.302051544189453], "outstretched": [1]}, "1": {"pos": [633.2760009765625, 315.87615966796875, 77.99617004394531], "velocity": [1253.6107177734375, 472.9796142578125, 28.45159149169922], "outstretched": [1]}}, "pinch": [0.0], "finger_count": [5], "pry": [7.1352386474609375, 75.537353515625, 10.465093612670898], "sphere": {"pos": [464.6515197753906, 339.9427490234375, 63.683860778808594], "radius": [96.96514892578125]}, "pos": [616.730712890625, 346.2836608886719, 52.52081298828125], "direction": [124.12633514404297, 7.1352386474609375, 10.465093612670898], "grab": [0.0], "confidence": [0.9669484496116638]}}}}