{"/": {"hand": {"1": {"finger": {"2": {"pos": [544.3031005859375, 399.5455627441406, 68.40065002441406], "velocity": [460.32080078125, 470.0064697265625, 27.22334861755371], "outstretched": [0]}, "3": {"pos": [560.4596557617188, 418.2149353027344, 64.06597900390625], "velocity": [420.8477783203125, 449.03662109375, 26.80168342590332], "outstretched": [0]}, "4": {"pos": [565.3696899414062, 428.4076232910156, 59.227516174316406], "velocity": [590.611328125, 458.62274169921875, 34.83464431762695], "outstretched": [0]}, "0": {"pos": [499.73236083984375, 391.4698791503906, 63.44432067871094], "velocity": [565.2158813476562, 539.7242431640625, 44.34200668334961], "outstretched": [0]}, "1": {"pos": [545.5980834960938, 379.1544189453125, 70.40575408935547], "velocity": [422.5541076660156, 504.5023193359375, 30.066265106201172], "outstretched": [0]}}, "pinch": [0.9078336358070374], "finger_count": [0], "pry": [-9.095641136169434, 58.46378707885742, 28.981849670410156], "sphere": {"pos": [538.765380859375, 394.67376708984375, 59.20233154296875], "radius": [43.6182746887207]}, "pos": [569.21630859375, 374.8221740722656, 50.17551803588867], "direction": [73.8787612915039, -9.095641136169434, 28.981849670410156], "grab": [1.0], "confidence": [0.5703654885292053]}}}}