{"/": {"hand": {"1": {"finger": {"2": {"pos": [493.5224304199219, 337.13348388671875, 78.15830993652344], "velocity": [370.7744445800781, 465.1373291015625, 27.183961868286133], "outstretched": [1]}, "3": {"pos": [545.1072998046875, 344.1589660644531, 74.8749771118164], "velocity": [306.1414489746094, 475.2027282714844, 27.124135971069336], "outstretched": [1]}, "4": {"pos": [608.3485107421875, 347.7615966796875, 67.12094116210938], "velocity": [289.81317138671875, 468.6874084472656, 29.700010299682617], "outstretched": [1]}, "0": {"pos": [346.15087890625, 312.350830078125, 58.635459899902344], "velocity": [450.33880615234375, 415.19207763671875, 43.652320861816406], "outstretched": [1]}, "1": {"pos": [419.8601989746094, 331.78985595703125, 75.70857238769531], "velocity": [382.031494140625, 437.37127685546875, 30.134666442871094], "outstretched": [1]}}, "pinch": [0.0], "finger_count": [5], "pry": [-0.6916799545288086, 7.901764392852783, 1.4816709756851196], "sphere": {"pos": [321.30145263671875, 561.6294555664062, 49.37586212158203], "radius": [262.09735107421875]}, "pos": [487.39349365234375, 315.4237976074219, 51.51157760620117], "direction": [64.97952270507812, -0.6916799545288086, 1.4816709756851196], "grab": [0.0], "confidence": [0.9351249933242798]}}}}