{"/": {"hand": {"1": {"finger": {"2": {"pos": [565.9517822265625, 296.1363525390625, 84.34895324707031], "velocity": [300.54632568359375, 307.38446044921875, 50.635196685791016], "outstretched": [1]}, "3": {"pos": [620.6073608398438, 305.9480285644531, 80.8646240234375], "velocity": [372.5324401855469, 264.801025390625, 43.00402069091797], "outstretched": [1]}, "4": {"pos": [682.289306640625, 338.18463134765625, 72.45304870605469], "velocity": [358.4187316894531, 222.37881469726562, 41.85719299316406], "outstretched": [1]}, "0": {"pos": [352.99871826171875, 312.8955078125, 64.65372467041016], "velocity": [367.5356140136719, 280.7049560546875, 43.869911193847656], "outstretched": [1]}, "1": {"pos": [487.772705078125, 290.61810302734375, 82.50772094726562], "velocity": [276.75946044921875, 346.7740173339844, 54.171470642089844], "outstretched": [1]}}, "pinch": [0.0], "finger_count": [5], "pry": [16.521074295043945, 16.81022071838379, 7.139042377471924], "sphere": {"pos": [612.8034057617188, 220.24520874023438, 60.047306060791016], "radius": [128.82395935058594]}, "pos": [510.0541076660156, 343.1917724609375, 58.985408782958984], "direction": [157.10751342773438, 16.521074295043945, 7.139042377471924], "grab": [0.0], "confidence": [0.7904487252235413]}}}}