{"/": {"hand": {"1": {"finger": {"2": {"pos": [701.19140625, 359.254150390625, 69.22315979003906], "velocity": [1179.914794921875, -7.940582275390625, -22.466262817382812], "outstretched": [1]}, "3": {"pos": [749.7803955078125, 371.3661193847656, 63.47921371459961], "velocity": [1112.71630859375, 115.74575805664062, -35.329627990722656], "outstretched": [1]}, "4": {"pos": [782.9772338867188, 395.3139953613281, 51.635311126708984], "velocity": [838.7684936523438, 301.15484619140625, -74.49504089355469], "outstretched": [1]}, "0": {"pos": [402.7925720214844, 365.6676025390625, 53.32704544067383], "velocity": [295.87420654296875, 348.50225830078125, 3.324951171875], "outstretched": [1]}, "1": {"pos": [593.2279052734375, 362.354736328125, 71.42607116699219], "velocity": [1029.646728515625, -204.90960693359375, 46.84146499633789], "outstretched": [1]}}, "pinch": [0.0], "finger_count": [5], "pry": [1.3602677583694458, 23.855743408203125, 18.97557830810547], "sphere": {"pos": [667.2549438476562, 164.7655029296875, 55.49467086791992], "radius": [219.86721801757812]}, "pos": [591.1702880859375, 377.6702880859375, 44.162227630615234], "direction": [93.95044708251953, 1.3602677583694458, 18.97557830810547], "grab": [0.0], "confidence": [0.5153705477714539]}}}}