{"/": {"hand": {"1": {"finger": {"2": {"pos": [576.5997924804688, 339.7185974121094, 84.1972427368164], "velocity": [613.5405883789062, 1179.552978515625, 22.49041175842285], "outstretched": [1]}, "3": {"pos": [636.1492309570312, 328.273193359375, 79.64208221435547], "velocity": [619.178466796875, 933.0213623046875, 22.14759635925293], "outstretched": [1]}, "4": {"pos": [698.1124267578125, 333.5279846191406, 68.59814453125], "velocity": [612.6138916015625, 592.8418579101562, -5.246662139892578], "outstretched": [1]}, "0": {"pos": [361.02008056640625, 330.51080322265625, 64.91118621826172], "velocity": [532.27978515625, 840.0975341796875, 41.59779357910156], "outstretched": [1]}, "1": {"pos": [495.65631103515625, 343.33648681640625, 83.13925170898438], "velocity": [626.1857299804688, 1295.7728271484375, 24.972768783569336], "outstretched": [1]}}, "pinch": [0.0], "finger_count": [5], "pry": [-12.164104461669922, 4.640609264373779, 9.59814453125], "sphere": {"pos": [576.0199584960938, 229.09231567382812, 72.14573669433594], "radius": [121.8208236694336]}, "pos": [521.2516479492188, 334.79730224609375, 56.15858459472656], "direction": [38.1147575378418, -12.164104461669922, 9.59814453125], "grab": [0.0], "confidence": [0.9042301177978516]}}}}