{"/": {"hand": {"1": {"finger": {"2": {"pos": [593.3599243164062, 366.3648681640625, 82.72050476074219], "velocity": [419.9110412597656, 1037.57568359375, 7.665233612060547], "outstretched": [1]}, "3": {"pos": [649.293701171875, 372.64947509765625, 77.38050842285156], "velocity": [316.1507873535156, 1027.173583984375, 8.432140350341797], "outstretched": [1]}, "4": {"pos": [713.9041748046875, 372.5738220214844, 65.58518981933594], "velocity": [498.1207275390625, 781.6409912109375, 19.398012161254883], "outstretched": [1]}, "0": {"pos": [392.1725158691406, 369.740478515625, 61.722198486328125], "velocity": [1094.5107421875, 1160.103515625, -4.412807464599609], "outstretched": [1]}, "1": {"pos": [499.1241455078125, 364.820556640625, 81.97340393066406], "velocity": [475.47393798828125, 1010.5053100585938, 5.458305358886719], "outstretched": [1]}}, "pinch": [0.0], "finger_count": [5], "pry": [-30.520923614501953, 13.144359588623047, 11.924426078796387], "sphere": {"pos": [561.1856689453125, 286.9674072265625, 77.15706634521484], "radius": [106.54329681396484]}, "pos": [548.4550170898438, 343.27410888671875, 54.83984375], "direction": [19.708053588867188, -30.520923614501953, 11.924426078796387], "grab": [0.0], "confidence": [0.9335681796073914]}}}}