{"/": {"hand": {"1": {"finger": {"2": {"pos": [505.5343933105469, 330.97705078125, 84.26315307617188], "velocity": [1038.3189697265625, 550.6930541992188, 34.215667724609375], "outstretched": [1]}, "3": {"pos": [511.10430908203125, 351.31671142578125, 82.0264892578125], "velocity": [1052.9881591796875, 561.1519775390625, 33.94642639160156], "outstretched": [1]}, "4": {"pos": [515.1104125976562, 375.7756042480469, 76.04228210449219], "velocity": [1042.251708984375, 548.7739868164062, 32.99262237548828], "outstretched": [1]}, "0": {"pos": [479.243896484375, 296.699951171875, 62.81788635253906], "velocity": [1032.5052490234375, 558.99267578125, 34.70505905151367], "outstretched": [1]}, "1": {"pos": [502.1387939453125, 318.04010009765625, 81.23914337158203], "velocity": [1033.8387451171875, 554.4600830078125, 34.838768005371094], "outstretched": [1]}}, "pinch": [0.0], "finger_count": [5], "pry": [6.9574055671691895, 76.83413696289062, 7.220738887786865], "sphere": {"pos": [408.83795166015625, 346.92474365234375, 65.85584259033203], "radius": [69.27142333984375]}, "pos": [494.4143981933594, 347.50408935546875, 55.70122528076172], "direction": [133.92501831054688, 6.9574055671691895, 7.220738887786865], "grab": [0.0], "confidence": [0.8599883317947388]}}}}