{"/": {"hand": {"1": {"finger": {"2": {"pos": [486.53668212890625, 335.93011474609375, 78.7647933959961], "velocity": [391.29241943359375, 488.26287841796875, 51.46222686767578], "outstretched": [1]}, "3": {"pos": [537.068115234375, 346.2822265625, 75.05927276611328], "velocity": [392.53485107421875, 499.0269470214844, 50.5003662109375], "outstretched": [1]}, "4": {"pos": [598.5894775390625, 354.1368408203125, 66.67520141601562], "velocity": [386.8278503417969, 511.758056640625, 48.77217102050781], "outstretched": [1]}, "0": {"pos": [336.73681640625, 301.1865234375, 59.00725173950195], "velocity": [386.8403015136719, 478.2389221191406, 50.102481842041016], "outstretched": [1]}, "1": {"pos": [414.7328796386719, 326.7911376953125, 76.50135803222656], "velocity": [386.85205078125, 485.1459045410156, 51.197296142578125], "outstretched": [1]}}, "pinch": [0.0], "finger_count": [5], "pry": [-1.9653798341751099, 11.76450252532959, 2.4240620136260986], "sphere": {"pos": [284.501953125, 532.06689453125, 48.9364013671875], "radius": [244.46875]}, "pos": [482.3135986328125, 310.9798889160156, 50.898475646972656], "direction": [50.9713020324707, -1.9653798341751099, 2.4240620136260986], "grab": [0.0], "confidence": [1.0]}}}}