{"/": {"hand": {"1": {"finger": {"2": {"pos": [570.68994140625, 307.68353271484375, 84.21419525146484], "velocity": [316.91156005859375, 147.954345703125, 36.66282272338867], "outstretched": [1]}, "3": {"pos": [622.32470703125, 318.2913818359375, 80.93939208984375], "velocity": [384.24993896484375, 178.30160522460938, 38.055084228515625], "outstretched": [1]}, "4": {"pos": [684.507080078125, 353.3699951171875, 72.713134765625], "velocity": [369.531494140625, 109.34576416015625, 40.460357666015625], "outstretched": [1]}, "0": {"pos": [355.37933349609375, 326.045166015625, 64.89022064208984], "velocity": [351.8207702636719, 225.40713500976562, 36.36397171020508], "outstretched": [1]}, "1": {"pos": [493.8414611816406, 300.5804443359375, 82.21796417236328], "velocity": [268.2261962890625, 173.59701538085938, 36.488059997558594], "outstretched": [1]}}, "pinch": [0.0], "finger_count": [5], "pry": [18.666963577270508, 18.917783737182617, 7.638051509857178], "sphere": {"pos": [617.9280395507812, 234.8948974609375, 59.31136703491211], "radius": [128.7863006591797]}, "pos": [512.03076171875, 356.7020263671875, 59.24176025390625], "direction": [158.3494873046875, 18.666963577270508, 7.638051509857178], "grab": [0.0], "confidence": [0.6989250183105469]}}}}