{"/": {"hand": {"1": {"finger": {"2": {"pos": [410.8484802246094, 311.27947998046875, 87.24651336669922], "velocity": [193.3138427734375, 463.0132751464844, 50.86743927001953], "outstretched": [1]}, "3": {"pos": [414.3240966796875, 338.17041015625, 85.6014633178711], "velocity": [189.83042907714844, 452.5046081542969, 51.940528869628906], "outstretched": [1]}, "4": {"pos": [402.5154724121094, 360.3396301269531, 79.8951644897461], "velocity": [169.2526397705078, 458.54437255859375, 52.82012176513672], "outstretched": [1]}, "0": {"pos": [437.3596496582031, 282.6671142578125, 64.98548889160156], "velocity": [311.6924133300781, 486.7715759277344, 50.17862319946289], "outstretched": [1]}, "1": {"pos": [432.0338439941406, 303.1823425292969, 84.16341400146484], "velocity": [255.89369201660156, 475.34423828125, 50.90044021606445], "outstretched": [1]}}, "pinch": [0.0], "finger_count": [5], "pry": [7.360907077789307, 97.4214096069336, 11.154661178588867], "sphere": {"pos": [192.3536376953125, 282.5080871582031, 68.93134307861328], "radius": [129.8739776611328]}, "pos": [401.4566345214844, 333.6856689453125, 59.104698181152344], "direction": [123.23062133789062, 7.360907077789307, 11.154661178588867], "grab": [0.0], "confidence": [0.6523874402046204]}}}}