{"/": {"hand": {"1": {"finger": {"2": {"pos": [624.071533203125, 398.4081115722656, 83.35987854003906], "velocity": [370.6415710449219, 575.6484375, 42.55060577392578], "outstretched": [1]}, "3": {"pos": [598.160888671875, 435.17254638671875, 80.30213928222656], "velocity": [-48.24932861328125, 541.4234008789062, 48.492332458496094], "outstretched": [1]}, "4": {"pos": [458.9991760253906, 444.4479675292969, 71.412841796875], "velocity": [-399.20745849609375, 185.19387817382812, -11.882801055908203], "outstretched": [1]}, "0": {"pos": [408.83349609375, 360.9613037109375, 66.78665161132812], "velocity": [793.4830932617188, 589.41845703125, 25.014312744140625], "outstretched": [0]}, "1": {"pos": [596.6412963867188, 346.48419189453125, 82.12223052978516], "velocity": [622.2748413085938, 517.1087036132812, 42.27881622314453], "outstretched": [1]}}, "pinch": [0.0], "finger_count": [4], "pry": [-3.391780138015747, 83.15815734863281, 7.406650066375732], "sphere": {"pos": [632.5340576171875, 419.5660705566406, 66.68087768554688], "radius": [80.1855239868164]}, "pos": [525.1742553710938, 382.43829345703125, 57.610286712646484], "direction": [65.49098205566406, -3.391780138015747, 7.406650066375732], "grab": [0.0], "confidence": [0.39761215448379517]}}}}