{"/": {"hand": {"1": {"finger": {"2": {"pos": [682.5821533203125, 346.6908874511719, 61.833431243896484], "velocity": [58.73577880859375, 341.03460693359375, -23.44738006591797], "outstretched": [1]}, "3": {"pos": [723.4730224609375, 363.6734619140625, 55.358489990234375], "velocity": [-40.97833251953125, 410.2018127441406, -38.21067810058594], "outstretched": [1]}, "4": {"pos": [748.94091796875, 379.9861755371094, 41.87260437011719], "velocity": [-213.13128662109375, 387.2193603515625, -56.310447692871094], "outstretched": [1]}, "0": {"pos": [384.490478515625, 346.88995361328125, 46.92420196533203], "velocity": [257.9398498535156, 352.0833740234375, -20.78021240234375], "outstretched": [1]}, "1": {"pos": [580.177734375, 337.96282958984375, 64.66468048095703], "velocity": [82.18212890625, 208.92745971679688, -13.994525909423828], "outstretched": [1]}}, "pinch": [0.0], "finger_count": [5], "pry": [-16.93747901916504, 25.324697494506836, 20.452550888061523], "sphere": {"pos": [644.7817993164062, 252.26170349121094, 54.42681121826172], "radius": [121.13407897949219]}, "pos": [564.5352783203125, 338.85247802734375, 37.04182434082031], "direction": [50.76546096801758, -16.93747901916504, 20.452550888061523], "grab": [0.0], "confidence": [0.6909489631652832]}}}}