{"/": {"hand": {"1": {"finger": {"2": {"pos": [502.79925537109375, 393.74920654296875, 59.183380126953125], "velocity": [425.420654296875, 537.042236328125, 55.298133850097656], "outstretched": [0]}, "3": {"pos": [514.9302368164062, 403.8732604980469, 54.017555236816406], "velocity": [416.3484191894531, 528.8927612304688, 50.900577545166016], "outstretched": [0]}, "4": {"pos": [548.055908203125, 410.6886291503906, 51.26996994018555], "velocity": [432.23095703125, 530.87451171875, 55.21298599243164], "outstretched": [0]}, "0": {"pos": [494.279296875, 376.6879577636719, 59.604618072509766], "velocity": [417.66375732421875, 530.9220581054688, 55.10181427001953], "outstretched": [0]}, "1": {"pos": [523.2833862304688, 378.75372314453125, 64.55361938476562], "velocity": [395.1688232421875, 540.1000366210938, 52.85565185546875], "outstretched": [0]}}, "pinch": [1.0], "finger_count": [0], "pry": [-10.606264114379883, 53.52360916137695, 27.805021286010742], "sphere": {"pos": [521.3076782226562, 401.34228515625, 53.34009552001953], "radius": [44.33037185668945]}, "pos": [570.1554565429688, 364.826171875, 46.35915756225586], "direction": [70.45050048828125, -10.606264114379883, 27.805021286010742], "grab": [1.0], "confidence": [0.5705618858337402]}}}}