{"/": {"hand": {"1": {"finger": {"2": {"pos": [508.0455322265625, 423.5697937011719, 58.865299224853516], "velocity": [509.8025207519531, 541.2009887695312, 27.218372344970703], "outstretched": [0]}, "3": {"pos": [532.65380859375, 433.31109619140625, 55.96868133544922], "velocity": [568.063720703125, 529.9659423828125, 45.63688659667969], "outstretched": [0]}, "4": {"pos": [568.025634765625, 437.21728515625, 54.200843811035156], "velocity": [600.0188598632812, 503.9200134277344, 52.37160873413086], "outstretched": [0]}, "0": {"pos": [491.4706726074219, 399.7789306640625, 62.069244384765625], "velocity": [439.40875244140625, 498.67181396484375, 54.039154052734375], "outstretched": [0]}, "1": {"pos": [506.3525085449219, 411.9262390136719, 62.91539001464844], "velocity": [503.084228515625, 546.5860595703125, 42.58891677856445], "outstretched": [0]}}, "pinch": [1.0], "finger_count": [0], "pry": [6.469476222991943, 39.22909164428711, 26.627483367919922], "sphere": {"pos": [543.4252319335938, 429.83062744140625, 57.20391845703125], "radius": [41.54042053222656]}, "pos": [576.4114379882812, 393.0435791015625, 49.36343765258789], "direction": [102.74446868896484, 6.469476222991943, 26.627483367919922], "grab": [1.0], "confidence": [0.2597467601299286]}}}}