{"/": {"hand": {"1": {"finger": {"2": {"pos": [634.784912109375, 441.17572021484375, 84.95445251464844], "velocity": [549.4846801757812, 240.67987060546875, 54.002586364746094], "outstretched": [1]}, "3": {"pos": [696.639404296875, 458.20654296875, 80.43802642822266], "velocity": [460.4463806152344, 357.6695861816406, 56.742916107177734], "outstretched": [1]}, "4": {"pos": [733.1480712890625, 493.745361328125, 71.47933197021484], "velocity": [269.0372314453125, 528.2802124023438, 78.27657318115234], "outstretched": [1]}, "0": {"pos": [393.1675720214844, 428.466064453125, 62.17060852050781], "velocity": [352.98297119140625, 394.10260009765625, 73.95548248291016], "outstretched": [1]}, "1": {"pos": [556.7255249023438, 424.25872802734375, 83.22280883789062], "velocity": [628.7470703125, 203.13424682617188, 51.66482162475586], "outstretched": [1]}}, "pinch": [0.0], "finger_count": [5], "pry": [4.2308454513549805, 32.60596466064453, 6.612757682800293], "sphere": {"pos": [686.1455078125, 332.326416015625, 65.56346893310547], "radius": [147.55029296875]}, "pos": [566.12451171875, 467.6309509277344, 58.0848388671875], "direction": [122.54264068603516, 4.2308454513549805, 6.612757682800293], "grab": [0.0], "confidence": [0.1688234806060791]}}}}