{"/": {"hand": {"1": {"finger": {"2": {"pos": [542.9366455078125, 395.2113952636719, 63.179649353027344], "velocity": [353.531982421875, 477.05828857421875, 18.148479461669922], "outstretched": [0]}, "3": {"pos": [556.0663452148438, 411.19696044921875, 59.117576599121094], "velocity": [379.9945373535156, 468.57318115234375, 23.646472930908203], "outstretched": [0]}, "4": {"pos": [572.1021118164062, 418.6221008300781, 54.70088195800781], "velocity": [436.7022399902344, 447.5783996582031, 25.849414825439453], "outstretched": [0]}, "0": {"pos": [514.8863525390625, 394.4776611328125, 60.29462814331055], "velocity": [411.3514404296875, 489.3163757324219, 26.19631576538086], "outstretched": [0]}, "1": {"pos": [553.4161376953125, 379.6106872558594, 67.83675384521484], "velocity": [335.16241455078125, 503.2229919433594, 31.856779098510742], "outstretched": [0]}}, "pinch": [1.0], "finger_count": [0], "pry": [-13.48877239227295, 55.2110710144043, 31.379283905029297], "sphere": {"pos": [536.4028930664062, 380.310546875, 57.97130584716797], "radius": [43.61573028564453]}, "pos": [576.18115234375, 367.6390380859375, 48.074256896972656], "direction": [68.5306625366211, -13.48877239227295, 31.379283905029297], "grab": [1.0], "confidence": [0.6022241711616516]}}}}