{"/": {"hand": {"1": {"finger": {"2": {"pos": [474.7469787597656, 321.3740539550781, 79.37712097167969], "velocity": [354.6383361816406, 504.19342041015625, 48.280216217041016], "outstretched": [1]}, "3": {"pos": [510.83551025390625, 337.6011962890625, 76.11935424804688], "velocity": [364.6004638671875, 469.14996337890625, 53.76273727416992], "outstretched": [1]}, "4": {"pos": [547.3532104492188, 350.84893798828125, 69.16630554199219], "velocity": [284.28570556640625, 467.2889709472656, 56.083866119384766], "outstretched": [1]}, "0": {"pos": [403.4196472167969, 282.9130859375, 60.61787414550781], "velocity": [596.63916015625, 574.6172485351562, 49.909427642822266], "outstretched": [1]}, "1": {"pos": [438.5701904296875, 302.54058837890625, 77.2900390625], "velocity": [518.4791870117188, 493.5343017578125, 50.944881439208984], "outstretched": [1]}}, "pinch": [0.0], "finger_count": [5], "pry": [0.4680884778499603, 36.006526947021484, 3.314561605453491], "sphere": {"pos": [185.51004028320312, 450.0113525390625, 53.01402282714844], "radius": [215.1835479736328]}, "pos": [495.92254638671875, 303.195068359375, 51.370811462402344], "direction": [98.02957153320312, 0.4680884778499603, 3.314561605453491], "grab": [0.0], "confidence": [0.9875629544258118]}}}}