{"/": {"hand": {"1": {"finger": {"2": {"pos": [519.3033447265625, 388.718505859375, 59.152347564697266], "velocity": [263.12725830078125, 507.8750305175781, 42.7097282409668], "outstretched": [0]}, "3": {"pos": [526.4732666015625, 400.2131042480469, 53.98059844970703], "velocity": [297.5660095214844, 493.40234375, 40.72545623779297], "outstretched": [0]}, "4": {"pos": [555.7550659179688, 407.0526428222656, 50.58950424194336], "velocity": [321.3447570800781, 493.9525451660156, 43.884063720703125], "outstretched": [0]}, "0": {"pos": [501.4710693359375, 377.1809387207031, 58.02649688720703], "velocity": [307.21875, 462.79150390625, 51.3383674621582], "outstretched": [0]}, "1": {"pos": [537.7099609375, 371.93267822265625, 64.34529876708984], "velocity": [333.49560546875, 506.18353271484375, 47.92026901245117], "outstretched": [0]}}, "pinch": [1.0], "finger_count": [0], "pry": [-12.207027435302734, 54.39317321777344, 29.054855346679688], "sphere": {"pos": [522.039794921875, 385.8739929199219, 53.08121871948242], "radius": [42.44540786743164]}, "pos": [568.3131713867188, 359.75970458984375, 44.848506927490234], "direction": [68.7240219116211, -12.207027435302734, 29.054855346679688], "grab": [1.0], "confidence": [0.5498523712158203]}}}}