{"/": {"hand": {"1": {"finger": {"2": {"pos": [573.8182983398438, 326.60009765625, 84.86589050292969], "velocity": [283.89178466796875, 22.88275146484375, 42.28211212158203], "outstretched": [1]}, "3": {"pos": [622.7430419921875, 335.43524169921875, 81.49281311035156], "velocity": [402.1179504394531, 147.60394287109375, 49.423282623291016], "outstretched": [1]}, "4": {"pos": [685.2838134765625, 373.6981506347656, 73.20738220214844], "velocity": [366.8755187988281, 63.61212158203125, 55.00241470336914], "outstretched": [1]}, "0": {"pos": [358.2712097167969, 341.63604736328125, 65.56019592285156], "velocity": [318.78057861328125, 165.86517333984375, 39.20497131347656], "outstretched": [1]}, "1": {"pos": [499.77197265625, 318.1500549316406, 82.8212890625], "velocity": [207.55191040039062, 72.41259765625, 41.80878448486328], "outstretched": [1]}}, "pinch": [0.0], "finger_count": [5], "pry": [17.716066360473633, 21.25033187866211, 7.828673839569092], "sphere": {"pos": [623.477783203125, 252.5902557373047, 60.438499450683594], "radius": [127.59656524658203]}, "pos": [513.802734375, 371.51611328125, 59.535614013671875], "direction": [156.7126922607422, 17.716066360473633, 7.828673839569092], "grab": [0.0], "confidence": [0.5720771551132202]}}}}