{"/": {"hand": {"1": {"finger": {"2": {"pos": [612.9618530273438, 409.2825927734375, 75.5128173828125], "velocity": [660.41015625, 949.5900268554688, -3.3480873107910156], "outstretched": [1]}, "3": {"pos": [673.2556762695312, 391.1951904296875, 71.85160827636719], "velocity": [674.0643920898438, 963.524169921875, -1.2180404663085938], "outstretched": [1]}, "4": {"pos": [728.7457885742188, 379.3570861816406, 60.68708801269531], "velocity": [634.6728515625, 903.6119384765625, -0.931884765625], "outstretched": [1]}, "0": {"pos": [377.2491455078125, 377.2507629394531, 58.25386047363281], "velocity": [507.4515686035156, 848.665283203125, -2.3607025146484375], "outstretched": [1]}, "1": {"pos": [527.6239624023438, 416.009765625, 74.06612396240234], "velocity": [594.1882934570312, 955.2120361328125, -6.764556884765625], "outstretched": [1]}}, "pinch": [0.0], "finger_count": [5], "pry": [-35.91765594482422, 8.771780967712402, 14.719059944152832], "sphere": {"pos": [569.0628662109375, 274.6502380371094, 80.42707824707031], "radius": [144.161865234375]}, "pos": [545.849609375, 361.01806640625, 50.578094482421875], "direction": [19.93426513671875, -35.91765594482422, 14.719059944152832], "grab": [0.0], "confidence": [0.9127002954483032]}}}}