{"/": {"hand": {"1": {"finger": {"2": {"pos": [307.7094421386719, 315.11865234375, 84.02583312988281], "velocity": [1118.101806640625, 602.158203125, 68.0592269897461], "outstretched": [1]}, "3": {"pos": [320.92181396484375, 338.47540283203125, 81.95835876464844], "velocity": [1008.1765747070312, 572.9468994140625, 59.561012268066406], "outstretched": [1]}, "4": {"pos": [322.3376159667969, 361.95013427734375, 75.54183959960938], "velocity": [918.0091552734375, 563.2633666992188, 54.787845611572266], "outstretched": [1]}, "0": {"pos": [376.43994140625, 277.8984375, 64.30841064453125], "velocity": [1074.1634521484375, 558.880615234375, 65.99131774902344], "outstretched": [1]}, "1": {"pos": [336.2247619628906, 307.6827087402344, 82.01206970214844], "velocity": [1102.0, 586.1470336914062, 64.61921691894531], "outstretched": [1]}}, "pinch": [0.0], "finger_count": [5], "pry": [0.4480611979961395, 99.08695220947266, -2.5679173469543457], "sphere": {"pos": [145.27813720703125, 274.8472900390625, 61.326507568359375], "radius": [125.15928649902344]}, "pos": [352.90667724609375, 326.0562438964844, 56.02613067626953], "direction": [-99.89126586914062, 0.4480611979961395, -2.5679173469543457], "grab": [0.0], "confidence": [0.5940898060798645]}}}}