{"/": {"hand": {"1": {"finger": {"2": {"pos": [501.6856994628906, 420.1182556152344, 60.09573745727539], "velocity": [396.5905456542969, 588.2078857421875, 29.62407875061035], "outstretched": [0]}, "3": {"pos": [523.5711669921875, 430.847412109375, 56.488460540771484], "velocity": [463.73138427734375, 605.368896484375, 57.531070709228516], "outstretched": [0]}, "4": {"pos": [556.673095703125, 436.394775390625, 54.107791900634766], "velocity": [483.5238037109375, 589.8104248046875, 62.13404083251953], "outstretched": [0]}, "0": {"pos": [490.27947998046875, 399.0743408203125, 61.80546188354492], "velocity": [380.4010314941406, 576.9656372070312, 60.07709503173828], "outstretched": [0]}, "1": {"pos": [503.7125244140625, 407.5404357910156, 63.79853439331055], "velocity": [381.712158203125, 617.56103515625, 56.81269454956055], "outstretched": [0]}}, "pinch": [1.0], "finger_count": [0], "pry": [0.06561025232076645, 46.845218658447266, 26.078304290771484], "sphere": {"pos": [533.2732543945312, 429.5462341308594, 56.698368072509766], "radius": [42.653892517089844]}, "pos": [575.5856323242188, 392.09478759765625, 49.3148078918457], "direction": [90.13404846191406, 0.06561025232076645, 26.078304290771484], "grab": [1.0], "confidence": [0.6771184802055359]}}}}