{"/": {"hand": {"1": {"finger": {"2": {"pos": [623.3818359375, 468.2762145996094, 81.74224853515625], "velocity": [385.97149658203125, 386.46197509765625, 114.28340148925781], "outstretched": [1]}, "3": {"pos": [694.1748046875, 469.1482238769531, 77.43229675292969], "velocity": [448.7651672363281, 433.7016906738281, 127.17353057861328], "outstretched": [1]}, "4": {"pos": [753.4541015625, 480.5376281738281, 66.60560607910156], "velocity": [581.9810791015625, 538.7521362304688, 142.57977294921875], "outstretched": [1]}, "0": {"pos": [404.25164794921875, 438.67828369140625, 57.81119155883789], "velocity": [618.0358276367188, 577.43115234375, 48.69496536254883], "outstretched": [1]}, "1": {"pos": [534.5883178710938, 458.61590576171875, 80.08296203613281], "velocity": [423.93670654296875, 388.9573669433594, 92.59799194335938], "outstretched": [1]}}, "pinch": [0.0], "finger_count": [5], "pry": [-21.095073699951172, 20.501760482788086, 0.3361840844154358], "sphere": {"pos": [637.302001953125, 330.7115173339844, 77.4107666015625], "radius": [150.1417694091797]}, "pos": [589.1720581054688, 448.586669921875, 53.51865768432617], "direction": [0.8714072704315186, -21.095073699951172, 0.3361840844154358], "grab": [0.0], "confidence": [0.034157611429691315]}}}}