{"/": {"hand": {"1": {"finger": {"2": {"pos": [339.240234375, 309.5623474121094, 85.92277526855469], "velocity": [108.82342529296875, 528.2513427734375, 41.87429428100586], "outstretched": [1]}, "3": {"pos": [347.1940612792969, 330.8410339355469, 84.0208740234375], "velocity": [110.521484375, 494.27142333984375, 39.801856994628906], "outstretched": [1]}, "4": {"pos": [336.78961181640625, 354.9491271972656, 78.25177001953125], "velocity": [119.50811767578125, 499.4251708984375, 38.52983474731445], "outstretched": [1]}, "0": {"pos": [379.6690673828125, 277.30718994140625, 63.951568603515625], "velocity": [178.80442810058594, 491.8438415527344, 43.93098831176758], "outstretched": [1]}, "1": {"pos": [367.07537841796875, 299.60467529296875, 82.943359375], "velocity": [115.893798828125, 505.5704345703125, 42.54945373535156], "outstretched": [1]}}, "pinch": [0.0], "finger_count": [5], "pry": [5.724560737609863, 100.73703002929688, 9.071718215942383], "sphere": {"pos": [135.2825927734375, 271.2291259765625, 66.59980773925781], "radius": [129.77369689941406]}, "pos": [341.2333679199219, 327.4717712402344, 57.610721588134766], "direction": [122.12232971191406, 5.724560737609863, 9.071718215942383], "grab": [0.0], "confidence": [0.7856194972991943]}}}}