{"/": {"hand": {"1": {"finger": {"2": {"pos": [751.0711669921875, 324.55938720703125, 74.35342407226562], "velocity": [496.5486755371094, 475.55712890625, 48.530330657958984], "outstretched": [1]}, "3": {"pos": [814.3814697265625, 325.39788818359375, 68.16134643554688], "velocity": [482.0230712890625, 472.66595458984375, 46.16121292114258], "outstretched": [1]}, "4": {"pos": [855.7311401367188, 344.35235595703125, 57.12974166870117], "velocity": [487.93182373046875, 504.1224670410156, 38.96814727783203], "outstretched": [1]}, "0": {"pos": [485.06195068359375, 322.29266357421875, 55.89122009277344], "velocity": [272.88128662109375, 655.18798828125, 48.49077606201172], "outstretched": [1]}, "1": {"pos": [638.3338012695312, 340.7652587890625, 74.8932113647461], "velocity": [418.2562255859375, 589.5866088867188, 53.840858459472656], "outstretched": [1]}}, "pinch": [0.0], "finger_count": [5], "pry": [-1.036035418510437, 2.8807265758514404, 18.184303283691406], "sphere": {"pos": [724.9978637695312, 161.20794677734375, 61.619171142578125], "radius": [183.398193359375]}, "pos": [672.5331420898438, 334.0101623535156, 47.32323455810547], "direction": [86.84880065917969, -1.036035418510437, 18.184303283691406], "grab": [0.0], "confidence": [0.6577314734458923]}}}}