{"/": {"hand": {"1": {"finger": {"2": {"pos": [432.14642333984375, 326.02679443359375, 85.46395874023438], "velocity": [1220.0869140625, 489.379638671875, 52.486385345458984], "outstretched": [1]}, "3": {"pos": [439.48162841796875, 344.4734191894531, 83.26646423339844], "velocity": [1145.208984375, 521.0029907226562, 55.14191818237305], "outstretched": [1]}, "4": {"pos": [445.5202331542969, 370.089111328125, 77.37487030029297], "velocity": [1040.275634765625, 537.8572998046875, 58.842063903808594], "outstretched": [1]}, "0": {"pos": [415.6520080566406, 290.2484436035156, 63.85085678100586], "velocity": [1092.653564453125, 562.7149658203125, 46.36260986328125], "outstretched": [1]}, "1": {"pos": [431.7047424316406, 312.4383544921875, 82.39549255371094], "velocity": [1231.5283203125, 486.5141296386719, 49.968502044677734], "outstretched": [1]}}, "pinch": [0.0], "finger_count": [5], "pry": [7.1420793533325195, 77.37677001953125, 4.017090797424316], "sphere": {"pos": [406.96612548828125, 345.8901062011719, 66.89724731445312], "radius": [53.583866119384766]}, "pos": [434.0126647949219, 341.84295654296875, 56.87574005126953], "direction": [150.7312774658203, 7.1420793533325195, 4.017090797424316], "grab": [0.0], "confidence": [0.7159904837608337]}}}}