{"/": {"hand": {"1": {"finger": {"2": {"pos": [735.8741455078125, 370.458984375, 74.34819030761719], "velocity": [196.0133819580078, 651.7532348632812, 57.530094146728516], "outstretched": [1]}, "3": {"pos": [799.7786254882812, 373.035888671875, 67.63771057128906], "velocity": [209.94219970703125, 642.0352172851562, 56.260337829589844], "outstretched": [1]}, "4": {"pos": [843.561767578125, 379.9541320800781, 54.03089904785156], "velocity": [221.6783447265625, 586.458251953125, 54.28020477294922], "outstretched": [1]}, "0": {"pos": [447.5647888183594, 364.3924865722656, 54.40037536621094], "velocity": [235.73574829101562, 627.2442016601562, 55.45516586303711], "outstretched": [1]}, "1": {"pos": [616.590087890625, 377.9289855957031, 75.01959991455078], "velocity": [216.6600799560547, 634.87060546875, 55.62611389160156], "outstretched": [1]}}, "pinch": [0.0], "finger_count": [5], "pry": [-21.3646240234375, 11.369871139526367, 18.2420711517334], "sphere": {"pos": [676.2816162109375, 229.36593627929688, 73.85614776611328], "radius": [163.01861572265625]}, "pos": [648.883544921875, 354.1563720703125, 47.7829704284668], "direction": [40.11627197265625, -21.3646240234375, 18.2420711517334], "grab": [0.0], "confidence": [0.7536820769309998]}}}}