{"/": {"hand": {"1": {"finger": {"2": {"pos": [591.9881591796875, 366.62530517578125, 80.87639617919922], "velocity": [779.26611328125, 1232.4610595703125, -25.43712615966797], "outstretched": [1]}, "3": {"pos": [650.48486328125, 349.3379821777344, 76.75038146972656], "velocity": [753.8612060546875, 1044.2806396484375, -15.143074035644531], "outstretched": [1]}, "4": {"pos": [709.1784057617188, 344.8731994628906, 65.45756530761719], "velocity": [689.3305053710938, 756.663330078125, -27.385597229003906], "outstretched": [1]}, "0": {"pos": [369.1603088378906, 346.73492431640625, 63.02295684814453], "velocity": [580.09619140625, 953.273193359375, 7.095115661621094], "outstretched": [1]}, "1": {"pos": [510.6488037109375, 372.8404235839844, 79.77488708496094], "velocity": [776.9873046875, 1320.373779296875, -28.027267456054688], "outstretched": [1]}}, "pinch": [0.0], "finger_count": [5], "pry": [-27.042724609375, 3.840718984603882, 13.820899963378906], "sphere": {"pos": [571.4874877929688, 253.0961456298828, 76.43061828613281], "radius": [127.71729278564453]}, "pos": [532.4842529296875, 343.8409423828125, 52.984317779541016], "direction": [25.730989456176758, -27.042724609375, 13.820899963378906], "grab": [0.0], "confidence": [0.9272986650466919]}}}}