{"/": {"hand": {"1": {"finger": {"2": {"pos": [580.24658203125, 385.82958984375, 88.17057037353516], "velocity": [422.2992248535156, 240.38677978515625, 46.674591064453125], "outstretched": [1]}, "3": {"pos": [639.154052734375, 403.3695068359375, 83.58649444580078], "velocity": [289.1264953613281, 304.04046630859375, 57.79933166503906], "outstretched": [1]}, "4": {"pos": [692.5999755859375, 434.3896179199219, 72.34117126464844], "velocity": [132.51840209960938, 403.52435302734375, 87.78303527832031], "outstretched": [1]}, "0": {"pos": [324.11224365234375, 392.84259033203125, 67.56028747558594], "velocity": [304.22772216796875, 300.6734313964844, 55.510345458984375], "outstretched": [1]}, "1": {"pos": [484.9057312011719, 372.1422119140625, 87.125], "velocity": [376.6531982421875, 289.3351745605469, 51.14962387084961], "outstretched": [1]}}, "pinch": [0.0], "finger_count": [5], "pry": [1.358906626701355, 21.547616958618164, 12.773154258728027], "sphere": {"pos": [590.1235961914062, 270.7852478027344, 70.60491943359375], "radius": [148.79415893554688]}, "pos": [513.9804077148438, 411.8644714355469, 61.10271453857422], "direction": [95.97362518310547, 1.358906626701355, 12.773154258728027], "grab": [0.0], "confidence": [0.5646714568138123]}}}}