{"/": {"hand": {"1": {"finger": {"2": {"pos": [689.6422119140625, 407.8680114746094, 76.57179260253906], "velocity": [236.3794403076172, 653.0201416015625, 63.5839958190918], "outstretched": [1]}, "3": {"pos": [756.07373046875, 406.52203369140625, 69.87466430664062], "velocity": [222.12657165527344, 621.807861328125, 65.48311614990234], "outstretched": [1]}, "4": {"pos": [805.3916015625, 402.98480224609375, 55.943359375], "velocity": [247.3131866455078, 576.97412109375, 63.734134674072266], "outstretched": [1]}, "0": {"pos": [413.5288391113281, 401.43695068359375, 56.56760025024414], "velocity": [245.705322265625, 656.646728515625, 63.864723205566406], "outstretched": [1]}, "1": {"pos": [576.0283813476562, 414.47528076171875, 76.88277435302734], "velocity": [254.37918090820312, 670.2592163085938, 62.46049880981445], "outstretched": [1]}}, "pinch": [0.0], "finger_count": [5], "pry": [-27.889259338378906, 12.5581636428833, 18.892364501953125], "sphere": {"pos": [622.6419677734375, 283.67071533203125, 78.47615814208984], "radius": [149.70809936523438]}, "pos": [604.189453125, 383.2769470214844, 50.695133209228516], "direction": [32.888675689697266, -27.889259338378906, 18.892364501953125], "grab": [0.0], "confidence": [0.592056393623352]}}}}