{"/": {"hand": {"1": {"finger": {"2": {"pos": [496.1807556152344, 338.324951171875, 78.60301208496094], "velocity": [371.9803466796875, 495.0278015136719, 49.973304748535156], "outstretched": [1]}, "3": {"pos": [549.1489868164062, 344.5804443359375, 75.4038314819336], "velocity": [368.50115966796875, 499.3907470703125, 50.12040328979492], "outstretched": [1]}, "4": {"pos": [612.12353515625, 347.9877014160156, 67.72811889648438], "velocity": [369.8298034667969, 508.2137756347656, 49.75764465332031], "outstretched": [1]}, "0": {"pos": [349.1746520996094, 316.75390625, 59.022315979003906], "velocity": [383.77777099609375, 471.93585205078125, 49.742919921875], "outstretched": [1]}, "1": {"pos": [423.69110107421875, 334.6842041015625, 76.10846710205078], "velocity": [372.9065856933594, 485.3076477050781, 50.10081100463867], "outstretched": [1]}}, "pinch": [0.0], "finger_count": [5], "pry": [-0.24572335183620453, 6.50049352645874, 1.2584253549575806], "sphere": {"pos": [337.6647644042969, 569.64404296875, 50.670310974121094], "radius": [264.8020324707031]}, "pos": [490.2874755859375, 318.58099365234375, 52.411834716796875], "direction": [78.95295715332031, -0.24572335183620453, 1.2584253549575806], "grab": [0.0], "confidence": [0.9139161109924316]}}}}