{"/": {"hand": {"1": {"finger": {"2": {"pos": [441.1718444824219, 326.43511962890625, 85.61515808105469], "velocity": [251.2622528076172, 518.8148803710938, 63.523338317871094], "outstretched": [1]}, "3": {"pos": [460.14080810546875, 351.8848876953125, 83.00702667236328], "velocity": [363.1309509277344, 523.4661865234375, 62.480369567871094], "outstretched": [1]}, "4": {"pos": [449.2156982421875, 371.04083251953125, 76.55949401855469], "velocity": [293.0806884765625, 517.7681884765625, 61.37355041503906], "outstretched": [1]}, "0": {"pos": [408.0320129394531, 297.493896484375, 65.5885009765625], "velocity": [341.12420654296875, 481.27508544921875, 62.54231643676758], "outstretched": [0]}, "1": {"pos": [444.6772766113281, 316.5885314941406, 82.87649536132812], "velocity": [296.23443603515625, 516.9192504882812, 63.68178176879883], "outstretched": [1]}}, "pinch": [0.0], "finger_count": [4], "pry": [3.757715940475464, 72.6717758178711, 10.674309730529785], "sphere": {"pos": [146.19407653808594, 349.5040283203125, 68.58197784423828], "radius": [156.31956481933594]}, "pos": [432.3164367675781, 337.3804931640625, 56.96492385864258], "direction": [109.2109375, 3.757715940475464, 10.674309730529785], "grab": [0.0], "confidence": [0.46523234248161316]}}}}