{"/": {"hand": {"1": {"finger": {"2": {"pos": [498.2363586425781, 334.057861328125, 81.20115661621094], "velocity": [407.7002258300781, 516.993896484375, 54.37952423095703], "outstretched": [1]}, "3": {"pos": [512.5782470703125, 350.8079833984375, 78.14263153076172], "velocity": [375.6929931640625, 519.4016723632812, 54.93183898925781], "outstretched": [1]}, "4": {"pos": [521.352783203125, 367.9560546875, 71.33320617675781], "velocity": [314.8211669921875, 537.6446533203125, 54.95476150512695], "outstretched": [1]}, "0": {"pos": [448.2442626953125, 295.45611572265625, 62.341670989990234], "velocity": [445.5443115234375, 522.6725463867188, 52.47600555419922], "outstretched": [0]}, "1": {"pos": [485.03619384765625, 315.4977722167969, 79.00084686279297], "velocity": [457.403564453125, 532.6239013671875, 53.0953483581543], "outstretched": [1]}}, "pinch": [0.0], "finger_count": [4], "pry": [1.9497036933898926, 59.36813735961914, 11.383328437805176], "sphere": {"pos": [88.74871826171875, 393.25927734375, 63.56377029418945], "radius": [219.7979278564453]}, "pos": [494.70648193359375, 329.3226318359375, 52.629798889160156], "direction": [99.59696197509766, 1.9497036933898926, 11.383328437805176], "grab": [0.0], "confidence": [0.9834728240966797]}}}}