{"/": {"hand": {"1": {"finger": {"2": {"pos": [628.306640625, 399.02386474609375, 82.62149047851562], "velocity": [490.696044921875, 525.6319580078125, 30.686344146728516], "outstretched": [1]}, "3": {"pos": [583.3118896484375, 434.663330078125, 79.9591064453125], "velocity": [-82.87548828125, 490.4843444824219, 41.750518798828125], "outstretched": [1]}, "4": {"pos": [450.955322265625, 438.1316223144531, 69.69697570800781], "velocity": [68.10113525390625, 291.81829833984375, -4.11126708984375], "outstretched": [1]}, "0": {"pos": [422.1417236328125, 368.38336181640625, 66.38052368164062], "velocity": [792.873046875, 666.8157958984375, 32.93391036987305], "outstretched": [0]}, "1": {"pos": [602.3887329101562, 346.3771667480469, 81.49330139160156], "velocity": [580.0870361328125, 496.5231018066406, 32.74380874633789], "outstretched": [1]}}, "pinch": [0.0], "finger_count": [4], "pry": [-4.290965557098389, 83.44697570800781, 7.2313361167907715], "sphere": {"pos": [635.1555786132812, 418.6109924316406, 65.69754791259766], "radius": [79.15152740478516]}, "pos": [530.3131103515625, 381.2672424316406, 56.888668060302734], "direction": [59.402610778808594, -4.290965557098389, 7.2313361167907715], "grab": [0.0], "confidence": [0.34967926144599915]}}}}