{"/": {"hand": {"1": {"finger": {"2": {"pos": [582.4798583984375, 372.06134033203125, 85.32435607910156], "velocity": [513.815185546875, -340.60870361328125, 51.8907470703125], "outstretched": [1]}, "3": {"pos": [620.4619750976562, 369.70343017578125, 81.54402160644531], "velocity": [524.68408203125, -228.2764892578125, 45.943660736083984], "outstretched": [1]}, "4": {"pos": [690.2119140625, 412.1782531738281, 72.41402435302734], "velocity": [695.555908203125, -33.28997802734375, 45.46345901489258], "outstretched": [1]}, "0": {"pos": [368.4774475097656, 374.80377197265625, 66.20162963867188], "velocity": [221.48260498046875, -17.81744384765625, 51.115055084228516], "outstretched": [1]}, "1": {"pos": [516.8455810546875, 361.3734436035156, 83.40559387207031], "velocity": [239.50057983398438, -249.77679443359375, 52.08287811279297], "outstretched": [1]}}, "pinch": [0.0], "finger_count": [5], "pry": [13.67783260345459, 23.267566680908203, 8.869690895080566], "sphere": {"pos": [632.8114013671875, 297.5576171875, 62.80272674560547], "radius": [117.3124771118164]}, "pos": [520.4039306640625, 401.40728759765625, 58.88530731201172], "direction": [147.33050537109375, 13.67783260345459, 8.869690895080566], "grab": [0.0], "confidence": [0.3535967767238617]}}}}