{"/": {"hand": {"1": {"finger": {"2": {"pos": [491.236083984375, 337.08587646484375, 78.6391830444336], "velocity": [375.0984802246094, 488.8861999511719, 48.83407211303711], "outstretched": [1]}, "3": {"pos": [541.3651123046875, 345.09844970703125, 75.12743377685547], "velocity": [367.5696105957031, 495.0470275878906, 48.21908950805664], "outstretched": [1]}, "4": {"pos": [604.2250366210938, 349.5123291015625, 67.12924194335938], "velocity": [351.0816955566406, 505.7746887207031, 47.95970153808594], "outstretched": [1]}, "0": {"pos": [342.4311828613281, 307.71209716796875, 59.04426193237305], "velocity": [383.8646545410156, 468.639892578125, 49.192569732666016], "outstretched": [1]}, "1": {"pos": [418.572509765625, 330.18438720703125, 76.28683471679688], "velocity": [400.096435546875, 478.1612854003906, 49.772518157958984], "outstretched": [1]}}, "pinch": [0.0], "finger_count": [5], "pry": [-1.2439017295837402, 9.260658264160156, 2.170063018798828], "sphere": {"pos": [309.3250427246094, 548.456787109375, 48.84580612182617], "radius": [253.5287628173828]}, "pos": [484.55731201171875, 312.8169250488281, 51.025882720947266], "direction": [60.1861686706543, -1.2439017295837402, 2.170063018798828], "grab": [0.0], "confidence": [0.9815474152565002]}}}}