{"/": {"hand": {"1": {"finger": {"2": {"pos": [496.703369140625, 337.2706298828125, 78.6725845336914], "velocity": [412.2041015625, 506.8916320800781, 49.3575553894043], "outstretched": [1]}, "3": {"pos": [551.2430419921875, 341.485107421875, 75.61228942871094], "velocity": [410.89599609375, 510.60650634765625, 49.07456588745117], "outstretched": [1]}, "4": {"pos": [613.4239501953125, 344.7967224121094, 67.96713256835938], "velocity": [415.90118408203125, 504.2220458984375, 49.41495895385742], "outstretched": [1]}, "0": {"pos": [349.22576904296875, 318.796630859375, 59.03049850463867], "velocity": [410.8184509277344, 505.9248962402344, 49.4178466796875], "outstretched": [1]}, "1": {"pos": [424.6415710449219, 335.10260009765625, 76.1227798461914], "velocity": [411.1506042480469, 505.2987060546875, 49.44411849975586], "outstretched": [1]}}, "pinch": [0.0], "finger_count": [5], "pry": [-0.20412702858448029, 5.842665195465088, 1.4439637660980225], "sphere": {"pos": [350.94085693359375, 597.11474609375, 49.98509979248047], "radius": [289.2759704589844]}, "pos": [490.3849182128906, 319.0782165527344, 52.37689971923828], "direction": [81.9552993774414, -0.20412702858448029, 1.4439637660980225], "grab": [0.0], "confidence": [0.9270033240318298]}}}}