{"/": {"hand": {"1": {"finger": {"2": {"pos": [613.5101318359375, 380.727294921875, 83.27995300292969], "velocity": [445.5339050292969, 500.2661437988281, 48.30833435058594], "outstretched": [1]}, "3": {"pos": [629.3906860351562, 415.76824951171875, 80.50908660888672], "velocity": [284.6119384765625, 538.1884155273438, 52.650699615478516], "outstretched": [1]}, "4": {"pos": [611.9274291992188, 458.0818786621094, 73.10397338867188], "velocity": [10.85333251953125, 576.4891967773438, 60.67991256713867], "outstretched": [1]}, "0": {"pos": [361.6420593261719, 325.53448486328125, 63.74127197265625], "velocity": [394.3668518066406, 428.162109375, 58.55865478515625], "outstretched": [1]}, "1": {"pos": [544.6739501953125, 340.6407470703125, 82.05489349365234], "velocity": [552.5369262695312, 414.3223876953125, 45.81242752075195], "outstretched": [1]}}, "pinch": [0.0], "finger_count": [5], "pry": [6.884379863739014, 60.525596618652344, 13.315628051757812], "sphere": {"pos": [689.5415649414062, 318.6900634765625, 63.62773513793945], "radius": [127.03839111328125]}, "pos": [488.9365234375, 395.69537353515625, 59.357337951660156], "direction": [117.02751159667969, 6.884379863739014, 13.315628051757812], "grab": [0.0], "confidence": [0.6961918473243713]}}}}