{"/": {"hand": {"1": {"finger": {"2": {"pos": [482.76123046875, 322.202880859375, 78.99324035644531], "velocity": [402.5466613769531, 484.4071350097656, 50.878108978271484], "outstretched": [1]}, "3": {"pos": [529.2799072265625, 340.0277099609375, 74.94457244873047], "velocity": [372.8737487792969, 495.3980407714844, 50.73577117919922], "outstretched": [1]}, "4": {"pos": [584.4805908203125, 352.54339599609375, 66.7055435180664], "velocity": [372.3708190917969, 507.3660583496094, 51.08650588989258], "outstretched": [1]}, "0": {"pos": [346.6590881347656, 272.931640625, 58.794647216796875], "velocity": [438.5445556640625, 466.77288818359375, 49.78561019897461], "outstretched": [1]}, "1": {"pos": [418.38336181640625, 306.11627197265625, 76.78889465332031], "velocity": [427.7115783691406, 479.69415283203125, 50.3988151550293], "outstretched": [1]}}, "pinch": [0.0], "finger_count": [5], "pry": [-3.0727553367614746, 23.466188430786133, 2.157097578048706], "sphere": {"pos": [202.82611083984375, 497.21075439453125, 49.30770492553711], "radius": [246.50051879882812]}, "pos": [487.1466064453125, 299.5049743652344, 50.89268493652344], "direction": [35.056034088134766, -3.0727553367614746, 2.157097578048706], "grab": [0.0], "confidence": [1.0]}}}}