{"/": {"hand": {"1": {"finger": {"2": {"pos": [503.99560546875, 416.1632080078125, 61.534629821777344], "velocity": [319.730224609375, 657.6845703125, 49.01621627807617], "outstretched": [0]}, "3": {"pos": [520.45654296875, 425.504150390625, 55.94935989379883], "velocity": [425.7286682128906, 643.9630126953125, 59.48494338989258], "outstretched": [0]}, "4": {"pos": [552.5765380859375, 431.69635009765625, 53.33723449707031], "velocity": [430.71868896484375, 631.5985107421875, 60.38346862792969], "outstretched": [0]}, "0": {"pos": [491.4788513183594, 395.3385009765625, 61.26569366455078], "velocity": [359.2678527832031, 636.895263671875, 61.74713897705078], "outstretched": [0]}, "1": {"pos": [504.6539611816406, 401.93157958984375, 63.339149475097656], "velocity": [381.51263427734375, 666.1658325195312, 64.28938293457031], "outstretched": [0]}}, "pinch": [1.0], "finger_count": [0], "pry": [-4.311879634857178, 49.845767974853516, 27.02284812927246], "sphere": {"pos": [528.8529663085938, 425.2499084472656, 55.730552673339844], "radius": [43.680667877197266]}, "pos": [574.5643310546875, 386.95855712890625, 48.59056091308594], "direction": [81.59070587158203, -4.311879634857178, 27.02284812927246], "grab": [1.0], "confidence": [0.6527296304702759]}}}}