{"/": {"hand": {"1": {"finger": {"2": {"pos": [622.1869506835938, 436.5023498535156, 73.8209457397461], "velocity": [509.7081604003906, 766.541015625, 39.302494049072266], "outstretched": [1]}, "3": {"pos": [684.91796875, 421.18194580078125, 69.81165313720703], "velocity": [517.6840209960938, 819.9004516601562, 31.47645378112793], "outstretched": [1]}, "4": {"pos": [738.3392333984375, 412.2177734375, 58.37932586669922], "velocity": [482.0430603027344, 879.552490234375, 25.24065399169922], "outstretched": [1]}, "0": {"pos": [382.7418518066406, 398.62200927734375, 56.490726470947266], "velocity": [446.8817443847656, 722.2265014648438, 41.87310028076172], "outstretched": [1]}, "1": {"pos": [534.6051025390625, 438.7210998535156, 72.94132232666016], "velocity": [486.9008483886719, 695.258544921875, 51.96903991699219], "outstretched": [1]}}, "pinch": [0.0], "finger_count": [5], "pry": [-37.062278747558594, 15.156648635864258, 13.14461612701416], "sphere": {"pos": [587.2532348632812, 294.51287841796875, 80.79493713378906], "radius": [153.409423828125]}, "pos": [556.0704345703125, 385.8366394042969, 49.13631820678711], "direction": [17.18174934387207, -37.062278747558594, 13.14461612701416], "grab": [0.0], "confidence": [0.9016441106796265]}}}}