{"/": {"hand": {"1": {"finger": {"2": {"pos": [482.5539855957031, 324.7803955078125, 79.75871276855469], "velocity": [473.44866943359375, 544.1942749023438, 54.85369873046875], "outstretched": [1]}, "3": {"pos": [509.6220397949219, 340.339599609375, 76.65467834472656], "velocity": [402.85711669921875, 549.6419677734375, 54.63625717163086], "outstretched": [1]}, "4": {"pos": [535.8226318359375, 354.980224609375, 69.80918884277344], "velocity": [332.45361328125, 561.8798217773438, 54.29938507080078], "outstretched": [1]}, "0": {"pos": [421.96697998046875, 286.08184814453125, 61.07735824584961], "velocity": [515.940185546875, 528.887451171875, 54.483619689941406], "outstretched": [0]}, "1": {"pos": [457.408935546875, 305.5074462890625, 77.7083969116211], "velocity": [528.0841064453125, 531.2577514648438, 55.07366180419922], "outstretched": [1]}}, "pinch": [0.0], "finger_count": [4], "pry": [1.2214176654815674, 45.202083587646484, 5.969813823699951], "sphere": {"pos": [140.57855224609375, 432.94232177734375, 55.87517166137695], "radius": [219.17022705078125]}, "pos": [499.5771484375, 311.03448486328125, 51.541439056396484], "direction": [101.52401733398438, 1.2214176654815674, 5.969813823699951], "grab": [0.0], "confidence": [1.0]}}}}