{"/": {"hand": {"1": {"finger": {"2": {"pos": [541.952880859375, 389.9028015136719, 61.02056121826172], "velocity": [396.7088928222656, 447.0838928222656, 33.360435485839844], "outstretched": [0]}, "3": {"pos": [549.939208984375, 404.821044921875, 56.7297248840332], "velocity": [299.3653564453125, 428.53240966796875, 26.31415367126465], "outstretched": [0]}, "4": {"pos": [569.6724853515625, 411.15618896484375, 52.38898468017578], "velocity": [350.8885803222656, 424.0296325683594, 28.758216857910156], "outstretched": [0]}, "0": {"pos": [516.3782348632812, 387.2428283691406, 58.538108825683594], "velocity": [403.3740234375, 393.5509338378906, 40.81018829345703], "outstretched": [0]}, "1": {"pos": [551.4680786132812, 374.3426513671875, 65.76042938232422], "velocity": [395.1927185058594, 436.9667053222656, 31.32266616821289], "outstretched": [0]}}, "pinch": [1.0], "finger_count": [0], "pry": [-12.81975269317627, 54.24217224121094, 31.169870376586914], "sphere": {"pos": [533.0303955078125, 375.61920166015625, 55.8715705871582], "radius": [43.20448303222656]}, "pos": [575.6290893554688, 362.0919189453125, 46.0825309753418], "direction": [69.38432312011719, -12.81975269317627, 31.169870376586914], "grab": [1.0], "confidence": [0.6684366464614868]}}}}