{"/": {"hand": {"1": {"finger": {"2": {"pos": [576.9385986328125, 366.336181640625, 88.46458435058594], "velocity": [388.6501770019531, 342.75494384765625, 54.696754455566406], "outstretched": [1]}, "3": {"pos": [631.04150390625, 383.1897277832031, 84.07975769042969], "velocity": [370.4132995605469, 324.11712646484375, 54.14187240600586], "outstretched": [1]}, "4": {"pos": [674.6290283203125, 421.23663330078125, 74.27188873291016], "velocity": [297.5848388671875, 391.91552734375, 64.10990142822266], "outstretched": [1]}, "0": {"pos": [320.9488220214844, 364.62152099609375, 67.48116302490234], "velocity": [410.3002014160156, 269.58233642578125, 51.261207580566406], "outstretched": [1]}, "1": {"pos": [485.1070251464844, 347.1734924316406, 86.96129608154297], "velocity": [402.23809814453125, 284.55029296875, 48.960086822509766], "outstretched": [1]}}, "pinch": [0.0], "finger_count": [5], "pry": [1.279694676399231, 27.738866806030273, 11.229633331298828], "sphere": {"pos": [590.8685913085938, 272.58599853515625, 70.4541015625], "radius": [131.48362731933594]}, "pos": [505.3377685546875, 395.4300537109375, 61.82786560058594], "direction": [96.41950225830078, 1.279694676399231, 11.229633331298828], "grab": [0.0], "confidence": [0.6188074350357056]}}}}