{"/": {"hand": {"1": {"finger": {"2": {"pos": [575.6459350585938, 313.0786437988281, 89.19303894042969], "velocity": [373.5409240722656, 246.32882690429688, 47.69593811035156], "outstretched": [1]}, "3": {"pos": [629.6610107421875, 335.7081298828125, 85.85426330566406], "velocity": [390.7041015625, 252.27713012695312, 50.07600021362305], "outstretched": [1]}, "4": {"pos": [667.24072265625, 381.12689208984375, 77.8638916015625], "velocity": [387.73504638671875, 267.1072998046875, 55.71479797363281], "outstretched": [1]}, "0": {"pos": [325.246337890625, 318.06280517578125, 67.20165252685547], "velocity": [394.07940673828125, 304.7977294921875, 46.39453125], "outstretched": [1]}, "1": {"pos": [481.41070556640625, 295.0904541015625, 86.99738311767578], "velocity": [364.8812255859375, 242.04714965820312, 43.042781829833984], "outstretched": [1]}}, "pinch": [0.0], "finger_count": [5], "pry": [5.2033467292785645, 32.05320358276367, 7.7320027351379395], "sphere": {"pos": [592.0152587890625, 242.25222778320312, 70.58129119873047], "radius": [120.92261505126953]}, "pos": [507.5818786621094, 355.30242919921875, 63.58378219604492], "direction": [123.85043334960938, 5.2033467292785645, 7.7320027351379395], "grab": [0.0], "confidence": [0.8742555379867554]}}}}