{"/": {"hand": {"1": {"finger": {"2": {"pos": [765.084228515625, 325.428466796875, 73.44649505615234], "velocity": [49.368865966796875, 492.31640625, 43.723358154296875], "outstretched": [1]}, "3": {"pos": [820.7825317382812, 338.9208984375, 68.10592651367188], "velocity": [218.28604125976562, 415.08233642578125, 35.711456298828125], "outstretched": [1]}, "4": {"pos": [862.9015502929688, 353.97308349609375, 58.07219314575195], "velocity": [269.51251220703125, 365.00958251953125, 28.61055564880371], "outstretched": [1]}, "0": {"pos": [589.0888061523438, 290.81561279296875, 56.58641052246094], "velocity": [-715.4959716796875, 560.0895385742188, 39.45124435424805], "outstretched": [1]}, "1": {"pos": [695.1492919921875, 315.07305908203125, 73.0565185546875], "velocity": [-377.8231201171875, 560.0708618164062, 51.793190002441406], "outstretched": [1]}}, "pinch": [0.0], "finger_count": [5], "pry": [6.016510486602783, 18.93990135192871, 20.745338439941406], "sphere": {"pos": [694.8867797851562, 361.9532470703125, 57.56486511230469], "radius": [71.1551742553711]}, "pos": [701.921630859375, 330.37530517578125, 45.72279739379883], "direction": [105.54949951171875, 6.016510486602783, 20.745338439941406], "grab": [0.0], "confidence": [0.5587071180343628]}}}}