{"/": {"hand": {"1": {"finger": {"2": {"pos": [482.7421875, 323.5876159667969, 78.96112060546875], "velocity": [397.5912780761719, 472.45281982421875, 50.865577697753906], "outstretched": [1]}, "3": {"pos": [531.3193359375, 340.37017822265625, 74.94035339355469], "velocity": [379.22271728515625, 489.5431823730469, 50.090877532958984], "outstretched": [1]}, "4": {"pos": [586.8094482421875, 352.1611328125, 66.62950897216797], "velocity": [367.24407958984375, 496.8915100097656, 51.34169006347656], "outstretched": [1]}, "0": {"pos": [343.3622131347656, 275.88287353515625, 58.8189582824707], "velocity": [435.706298828125, 446.66766357421875, 49.871551513671875], "outstretched": [1]}, "1": {"pos": [416.0096130371094, 308.1681823730469, 76.77255249023438], "velocity": [419.06256103515625, 455.75115966796875, 50.94831466674805], "outstretched": [1]}}, "pinch": [0.0], "finger_count": [5], "pry": [-3.3307604789733887, 21.63014030456543, 2.166163206100464], "sphere": {"pos": [210.12535095214844, 504.4541015625, 48.993343353271484], "radius": [249.36972045898438]}, "pos": [485.367431640625, 300.2569580078125, 50.90022659301758], "direction": [33.020957946777344, -3.3307604789733887, 2.166163206100464], "grab": [0.0], "confidence": [1.0]}}}}