{"/": {"hand": {"1": {"finger": {"2": {"pos": [549.71533203125, 398.0517883300781, 67.71495819091797], "velocity": [544.9423217773438, 461.7243957519531, 30.918184280395508], "outstretched": [0]}, "3": {"pos": [562.9697265625, 415.9143371582031, 63.181304931640625], "velocity": [478.8072814941406, 439.5118103027344, 26.017772674560547], "outstretched": [0]}, "4": {"pos": [571.0267944335938, 426.0100402832031, 58.53701400756836], "velocity": [543.72705078125, 434.85736083984375, 30.713634490966797], "outstretched": [0]}, "0": {"pos": [507.80340576171875, 392.04229736328125, 63.293426513671875], "velocity": [614.5693359375, 527.2367553710938, 44.69175338745117], "outstretched": [0]}, "1": {"pos": [553.0823974609375, 378.396484375, 70.07707977294922], "velocity": [575.9692993164062, 485.6954345703125, 39.26105499267578], "outstretched": [0]}}, "pinch": [0.9700384736061096], "finger_count": [0], "pry": [-9.152925491333008, 57.89448928833008, 31.120922088623047], "sphere": {"pos": [542.194580078125, 390.528564453125, 59.33702087402344], "radius": [43.1439094543457]}, "pos": [572.4461669921875, 373.9215087890625, 49.89329528808594], "direction": [75.05748748779297, -9.152925491333008, 31.120922088623047], "grab": [1.0], "confidence": [0.5907225012779236]}}}}