{"/": {"hand": {"1": {"finger": {"2": {"pos": [486.2437744140625, 331.96148681640625, 78.93209838867188], "velocity": [403.37066650390625, 484.59161376953125, 50.10776138305664], "outstretched": [1]}, "3": {"pos": [536.67626953125, 344.4385986328125, 75.08428192138672], "velocity": [400.88677978515625, 492.7029113769531, 49.534034729003906], "outstretched": [1]}, "4": {"pos": [597.7575073242188, 353.56561279296875, 66.54438781738281], "velocity": [399.4890441894531, 492.0719299316406, 49.73870849609375], "outstretched": [1]}, "0": {"pos": [335.7980651855469, 294.06561279296875, 58.932456970214844], "velocity": [406.4128723144531, 472.612548828125, 49.58681106567383], "outstretched": [1]}, "1": {"pos": [413.2858581542969, 321.80694580078125, 76.6443099975586], "velocity": [395.5957336425781, 480.1202392578125, 49.984352111816406], "outstretched": [1]}}, "pinch": [0.0], "finger_count": [5], "pry": [-3.054293155670166, 14.259132385253906, 2.316828966140747], "sphere": {"pos": [258.25860595703125, 536.409423828125, 48.13147735595703], "radius": [257.5661926269531]}, "pos": [482.26995849609375, 307.73406982421875, 50.94914245605469], "direction": [37.17096710205078, -3.054293155670166, 2.316828966140747], "grab": [0.0], "confidence": [1.0]}}}}