{"/": {"hand": {"1": {"finger": {"2": {"pos": [566.2627563476562, 331.2489013671875, 82.76583862304688], "velocity": [1125.3038330078125, 489.6497497558594, 32.631507873535156], "outstretched": [1]}, "3": {"pos": [572.380615234375, 351.78228759765625, 80.53042602539062], "velocity": [1134.7745361328125, 490.4085693359375, 32.91267395019531], "outstretched": [1]}, "4": {"pos": [576.2017211914062, 375.75634765625, 74.54366302490234], "velocity": [1131.064453125, 486.9893798828125, 33.075050354003906], "outstretched": [1]}, "0": {"pos": [538.3211059570312, 298.6213073730469, 61.293792724609375], "velocity": [1116.939208984375, 514.690673828125, 31.67664909362793], "outstretched": [1]}, "1": {"pos": [561.8197021484375, 318.01959228515625, 79.73709869384766], "velocity": [1111.138671875, 484.32891845703125, 32.46514892578125], "outstretched": [1]}}, "pinch": [0.0], "finger_count": [5], "pry": [7.303102493286133, 76.07718658447266, 8.349730491638184], "sphere": {"pos": [418.5700988769531, 344.13311767578125, 64.67788696289062], "radius": [87.7151107788086]}, "pos": [551.7051391601562, 348.2039794921875, 54.241676330566406], "direction": [131.12696838378906, 7.303102493286133, 8.349730491638184], "grab": [0.0], "confidence": [0.9225101470947266]}}}}