{"/": {"hand": {"1": {"finger": {"2": {"pos": [626.2713623046875, 470.4167785644531, 78.65383911132812], "velocity": [267.64935302734375, 563.3427734375, 123.45454406738281], "outstretched": [1]}, "3": {"pos": [695.2542724609375, 468.4969787597656, 74.00119018554688], "velocity": [335.7974853515625, 674.4531860351562, 131.96514892578125], "outstretched": [1]}, "4": {"pos": [751.2017822265625, 474.68658447265625, 62.643394470214844], "velocity": [447.81640625, 838.2171630859375, 142.93984985351562], "outstretched": [1]}, "0": {"pos": [400.11334228515625, 434.1717529296875, 57.07053756713867], "velocity": [558.700927734375, 618.9467163085938, 55.496131896972656], "outstretched": [1]}, "1": {"pos": [535.293701171875, 461.8616027832031, 77.67314147949219], "velocity": [305.0867004394531, 483.54888916015625, 104.61371612548828], "outstretched": [1]}}, "pinch": [0.0], "finger_count": [5], "pry": [-26.712127685546875, 21.24594497680664, 3.4963064193725586], "sphere": {"pos": [635.3408813476562, 330.36468505859375, 77.83253479003906], "radius": [151.25222778320312]}, "pos": [581.3281860351562, 439.72613525390625, 51.29521942138672], "direction": [6.9227190017700195, -26.712127685546875, 3.4963064193725586], "grab": [0.0], "confidence": [0.12115110456943512]}}}}