{"/": {"hand": {"1": {"finger": {"2": {"pos": [490.3099365234375, 334.7939453125, 81.72300720214844], "velocity": [296.229248046875, 493.8141174316406, 57.248558044433594], "outstretched": [1]}, "3": {"pos": [497.69549560546875, 353.76123046875, 78.61910247802734], "velocity": [272.2757263183594, 506.9253234863281, 57.79049301147461], "outstretched": [1]}, "4": {"pos": [500.5053405761719, 371.1367492675781, 71.82917022705078], "velocity": [200.75238037109375, 519.1353759765625, 57.809635162353516], "outstretched": [1]}, "0": {"pos": [446.54931640625, 296.6103515625, 62.74767303466797], "velocity": [360.8213806152344, 500.01239013671875, 55.26250457763672], "outstretched": [0]}, "1": {"pos": [482.48846435546875, 319.376708984375, 79.38694763183594], "velocity": [362.7754821777344, 514.3792114257812, 55.93278884887695], "outstretched": [1]}}, "pinch": [0.0], "finger_count": [4], "pry": [1.0248372554779053, 65.83438110351562, 13.031431198120117], "sphere": {"pos": [92.7501220703125, 367.6583251953125, 65.65267944335938], "radius": [205.4086151123047]}, "pos": [478.65081787109375, 333.0638122558594, 53.09381866455078], "direction": [94.41964721679688, 1.0248372554779053, 13.031431198120117], "grab": [0.0], "confidence": [0.9544035792350769]}}}}