{"/": {"hand": {"1": {"finger": {"2": {"pos": [482.66864013671875, 321.7974853515625, 79.04025268554688], "velocity": [398.4754638671875, 498.307861328125, 50.70750045776367], "outstretched": [1]}, "3": {"pos": [526.3642578125, 340.10272216796875, 75.01849365234375], "velocity": [354.067626953125, 503.2320251464844, 51.170997619628906], "outstretched": [1]}, "4": {"pos": [581.7930908203125, 353.18133544921875, 66.89566040039062], "velocity": [359.2565612792969, 509.7410888671875, 53.0599365234375], "outstretched": [1]}, "0": {"pos": [349.8464050292969, 270.884033203125, 58.78655242919922], "velocity": [445.8961486816406, 471.0426025390625, 50.02680969238281], "outstretched": [1]}, "1": {"pos": [420.62548828125, 304.8525390625, 76.83734130859375], "velocity": [433.6925048828125, 486.1783752441406, 50.82907485961914], "outstretched": [1]}}, "pinch": [0.0], "finger_count": [5], "pry": [-2.7126047611236572, 25.00440788269043, 2.056868076324463], "sphere": {"pos": [198.91705322265625, 488.8282775878906, 49.741451263427734], "radius": [241.34307861328125]}, "pos": [488.78082275390625, 299.40252685546875, 50.93714904785156], "direction": [37.16292953491211, -2.7126047611236572, 2.056868076324463], "grab": [0.0], "confidence": [1.0]}}}}