{"/": {"hand": {"1": {"finger": {"2": {"pos": [464.72344970703125, 325.20635986328125, 83.739990234375], "velocity": [235.3201141357422, 488.32513427734375, 55.755035400390625], "outstretched": [1]}, "3": {"pos": [468.1856994628906, 349.7803039550781, 81.04513549804688], "velocity": [275.94683837890625, 492.5715026855469, 56.14945602416992], "outstretched": [1]}, "4": {"pos": [463.93829345703125, 368.8319091796875, 74.58848571777344], "velocity": [258.7085266113281, 505.3725280761719, 56.06298828125], "outstretched": [1]}, "0": {"pos": [433.0502624511719, 292.66766357421875, 63.781951904296875], "velocity": [360.52301025390625, 473.8211364746094, 50.39759826660156], "outstretched": [0]}, "1": {"pos": [463.32452392578125, 314.6995544433594, 81.06700134277344], "velocity": [268.1197509765625, 500.8576354980469, 55.09680938720703], "outstretched": [1]}}, "pinch": [0.0], "finger_count": [4], "pry": [3.3866593837738037, 73.61215209960938, 13.636073112487793], "sphere": {"pos": [129.22735595703125, 331.9925231933594, 68.54048919677734], "radius": [171.30836486816406]}, "pos": [444.79541015625, 335.145263671875, 55.17218780517578], "direction": [103.70884704589844, 3.3866593837738037, 13.636073112487793], "grab": [0.0], "confidence": [0.7724322080612183]}}}}