{"/": {"hand": {"1": {"finger": {"2": {"pos": [502.17315673828125, 400.8766784667969, 59.694522857666016], "velocity": [401.8189392089844, 596.6644287109375, 58.162322998046875], "outstretched": [0]}, "3": {"pos": [515.0554809570312, 410.42034912109375, 54.28710174560547], "velocity": [407.8745422363281, 588.9409790039062, 53.771514892578125], "outstretched": [0]}, "4": {"pos": [547.745849609375, 417.2055969238281, 51.62302780151367], "velocity": [391.5796813964844, 589.2428588867188, 53.192989349365234], "outstretched": [0]}, "0": {"pos": [492.8955993652344, 382.3832092285156, 59.980098724365234], "velocity": [381.7371826171875, 576.1370849609375, 53.02839660644531], "outstretched": [0]}, "1": {"pos": [503.6935119628906, 387.0850524902344, 61.90026092529297], "velocity": [286.7596435546875, 596.962158203125, 32.855812072753906], "outstretched": [0]}}, "pinch": [1.0], "finger_count": [0], "pry": [-10.194774627685547, 53.290008544921875, 27.190351486206055], "sphere": {"pos": [522.8924560546875, 411.6890869140625, 53.407470703125], "radius": [44.40558624267578]}, "pos": [572.3721923828125, 371.62152099609375, 46.987953186035156], "direction": [70.70665740966797, -10.194774627685547, 27.190351486206055], "grab": [1.0], "confidence": [0.6215457320213318]}}}}