{"/": {"hand": {"1": {"finger": {"2": {"pos": [476.04888916015625, 321.3612060546875, 79.44277954101562], "velocity": [348.5354919433594, 489.55731201171875, 49.921485900878906], "outstretched": [1]}, "3": {"pos": [512.1746826171875, 338.64068603515625, 76.01187896728516], "velocity": [341.6087951660156, 467.4627380371094, 54.42908477783203], "outstretched": [1]}, "4": {"pos": [551.4118041992188, 351.94915771484375, 68.96339416503906], "velocity": [262.3750305175781, 459.18707275390625, 58.49407958984375], "outstretched": [1]}, "0": {"pos": [397.0641784667969, 280.68731689453125, 60.60289764404297], "velocity": [700.5388793945312, 632.7861938476562, 54.34126281738281], "outstretched": [1]}, "1": {"pos": [434.5015869140625, 302.7137145996094, 77.2821273803711], "velocity": [502.95611572265625, 492.1077575683594, 51.413238525390625], "outstretched": [1]}}, "pinch": [0.0], "finger_count": [5], "pry": [0.037136271595954895, 34.60830307006836, 2.9574201107025146], "sphere": {"pos": [188.6706085205078, 454.94390869140625, 52.57316589355469], "radius": [217.66880798339844]}, "pos": [495.0407409667969, 302.5953369140625, 51.3990592956543], "direction": [90.71878051757812, 0.037136271595954895, 2.9574201107025146], "grab": [0.0], "confidence": [1.0]}}}}