{"/": {"hand": {"1": {"finger": {"2": {"pos": [642.6607666015625, 432.391845703125, 84.60096740722656], "velocity": [542.2027587890625, 302.24853515625, 44.77565383911133], "outstretched": [1]}, "3": {"pos": [704.6829223632812, 448.5719299316406, 79.89407348632812], "velocity": [531.0382080078125, 311.1369323730469, 43.11915588378906], "outstretched": [1]}, "4": {"pos": [741.5650634765625, 484.1033630371094, 70.96054077148438], "velocity": [506.3676452636719, 345.99169921875, 48.898189544677734], "outstretched": [1]}, "0": {"pos": [393.3411865234375, 426.4598083496094, 62.73036193847656], "velocity": [395.7288513183594, 446.2640686035156, 62.131736755371094], "outstretched": [1]}, "1": {"pos": [564.668212890625, 417.5289306640625, 83.11766052246094], "velocity": [555.48828125, 335.2249755859375, 48.09946060180664], "outstretched": [1]}}, "pinch": [0.0], "finger_count": [5], "pry": [5.7047810554504395, 29.96443748474121, 8.431512832641602], "sphere": {"pos": [679.1897583007812, 324.22357177734375, 64.47518157958984], "radius": [147.59625244140625]}, "pos": [568.807861328125, 462.595703125, 58.19635772705078], "direction": [123.97760009765625, 5.7047810554504395, 8.431512832641602], "grab": [0.0], "confidence": [0.5195743441581726]}}}}