{"/": {"hand": {"1": {"finger": {"2": {"pos": [588.1432495117188, 453.64996337890625, 77.28780364990234], "velocity": [483.59857177734375, 561.0751953125, 41.62594223022461], "outstretched": [1]}, "3": {"pos": [639.3626708984375, 449.1329040527344, 73.22856140136719], "velocity": [456.8317565917969, 464.44903564453125, 46.77288055419922], "outstretched": [1]}, "4": {"pos": [685.21044921875, 457.6029968261719, 62.9508056640625], "velocity": [286.8094177246094, 682.9559326171875, 43.409690856933594], "outstretched": [1]}, "0": {"pos": [416.50787353515625, 439.5706481933594, 61.23532485961914], "velocity": [60.362762451171875, 500.683349609375, 59.47644805908203], "outstretched": [1]}, "1": {"pos": [514.8383178710938, 442.7926025390625, 77.26428985595703], "velocity": [533.892333984375, 513.2437744140625, 43.91767501831055], "outstretched": [1]}}, "pinch": [0.0], "finger_count": [5], "pry": [-18.267162322998047, 21.081546783447266, 13.823792457580566], "sphere": {"pos": [615.004638671875, 355.4178161621094, 66.88444519042969], "radius": [103.16681671142578]}, "pos": [534.846923828125, 425.17181396484375, 50.572113037109375], "direction": [36.70310592651367, -18.267162322998047, 13.823792457580566], "grab": [0.0], "confidence": [0.10799135267734528]}}}}