{"/": {"hand": {"1": {"finger": {"2": {"pos": [622.0662841796875, 436.41607666015625, 82.72175598144531], "velocity": [145.7751007080078, 475.6105041503906, 90.88401794433594], "outstretched": [1]}, "3": {"pos": [695.1051025390625, 439.2965393066406, 76.50838470458984], "velocity": [138.00927734375, 555.7122192382812, 94.07225036621094], "outstretched": [1]}, "4": {"pos": [756.2982788085938, 439.2147216796875, 62.87675094604492], "velocity": [183.2873992919922, 642.5480346679688, 96.31951904296875], "outstretched": [1]}, "0": {"pos": [369.74267578125, 435.625732421875, 61.40801239013672], "velocity": [255.01968383789062, 472.5681457519531, 86.263916015625], "outstretched": [1]}, "1": {"pos": [514.5689697265625, 436.54913330078125, 82.25260162353516], "velocity": [138.29119873046875, 422.68328857421875, 87.27386474609375], "outstretched": [1]}}, "pinch": [0.0], "finger_count": [5], "pry": [-18.83839988708496, 9.869409561157227, 14.631242752075195], "sphere": {"pos": [589.202392578125, 284.696533203125, 80.3939437866211], "radius": [168.8320770263672]}, "pos": [561.8307495117188, 419.98443603515625, 54.99420166015625], "direction": [37.422698974609375, -18.83839988708496, 14.631242752075195], "grab": [0.0], "confidence": [0.5796800851821899]}}}}