{"/": {"hand": {"1": {"finger": {"2": {"pos": [482.4710693359375, 321.94915771484375, 79.10852813720703], "velocity": [395.787841796875, 507.8285827636719, 51.446773529052734], "outstretched": [1]}, "3": {"pos": [523.9227905273438, 340.457763671875, 75.15083312988281], "velocity": [358.24102783203125, 509.2311706542969, 52.48577880859375], "outstretched": [1]}, "4": {"pos": [577.9484252929688, 354.16998291015625, 67.16869354248047], "velocity": [326.41607666015625, 515.750244140625, 55.49746322631836], "outstretched": [1]}, "0": {"pos": [353.6658630371094, 269.52984619140625, 58.84596252441406], "velocity": [465.99139404296875, 486.5831298828125, 52.337646484375], "outstretched": [1]}, "1": {"pos": [422.89459228515625, 304.28759765625, 76.9009017944336], "velocity": [438.70062255859375, 496.2271423339844, 51.542625427246094], "outstretched": [1]}}, "pinch": [0.0], "finger_count": [5], "pry": [-2.2823753356933594, 26.599973678588867, 1.9414658546447754], "sphere": {"pos": [196.85435485839844, 480.7881164550781, 50.209144592285156], "radius": [235.6837615966797]}, "pos": [490.50927734375, 299.79931640625, 51.02044677734375], "direction": [40.38147735595703, -2.2823753356933594, 1.9414658546447754], "grab": [0.0], "confidence": [1.0]}}}}