{"/": {"hand": {"1": {"finger": {"2": {"pos": [569.1318359375, 287.58056640625, 89.07862854003906], "velocity": [377.4190979003906, 570.8258666992188, 51.83234405517578], "outstretched": [1]}, "3": {"pos": [628.7545166015625, 307.50531005859375, 85.26704406738281], "velocity": [400.8059387207031, 559.02880859375, 45.23452377319336], "outstretched": [1]}, "4": {"pos": [677.4503784179688, 343.984130859375, 75.64588928222656], "velocity": [487.1192626953125, 449.63470458984375, 25.62155532836914], "outstretched": [1]}, "0": {"pos": [328.6737976074219, 298.5916748046875, 66.5782241821289], "velocity": [453.01837158203125, 494.2882080078125, 46.10421371459961], "outstretched": [1]}, "1": {"pos": [470.12841796875, 276.5626220703125, 87.35765075683594], "velocity": [384.1615905761719, 613.425048828125, 57.151519775390625], "outstretched": [1]}}, "pinch": [0.0], "finger_count": [5], "pry": [-6.738157749176025, 25.242172241210938, 6.366084098815918], "sphere": {"pos": [566.219970703125, 205.77536010742188, 75.21772003173828], "radius": [122.47444152832031]}, "pos": [519.1080322265625, 314.0845642089844, 61.17822265625], "direction": [43.359371185302734, -6.738157749176025, 6.366084098815918], "grab": [0.0], "confidence": [0.9460509419441223]}}}}