{"/": {"hand": {"1": {"finger": {"2": {"pos": [604.9967041015625, 394.4161682128906, 77.24166870117188], "velocity": [662.703369140625, 1041.4222412109375, -17.195457458496094], "outstretched": [1]}, "3": {"pos": [664.2938232421875, 375.6802062988281, 73.54617309570312], "velocity": [669.2709350585938, 1010.0341796875, -9.539909362792969], "outstretched": [1]}, "4": {"pos": [720.9955444335938, 365.14581298828125, 62.33870315551758], "velocity": [634.2646484375, 882.5730590820312, -10.562015533447266], "outstretched": [1]}, "0": {"pos": [373.32537841796875, 366.2975158691406, 59.9257698059082], "velocity": [472.4403381347656, 914.3668212890625, -11.586963653564453], "outstretched": [1]}, "1": {"pos": [521.3689575195312, 401.48114013671875, 75.86961364746094], "velocity": [611.1441650390625, 1071.276611328125, -23.649314880371094], "outstretched": [1]}}, "pinch": [0.0], "finger_count": [5], "pry": [-32.2569694519043, 6.059929847717285, 14.486939430236816], "sphere": {"pos": [566.7978515625, 263.54620361328125, 78.80459594726562], "radius": [136.97727966308594]}, "pos": [538.6506958007812, 352.01300048828125, 51.62867736816406], "direction": [22.26361656188965, -32.2569694519043, 14.486939430236816], "grab": [0.0], "confidence": [0.937778651714325]}}}}