{"/": {"hand": {"1": {"finger": {"2": {"pos": [476.9066162109375, 327.1731872558594, 83.26382446289062], "velocity": [314.3103332519531, 450.3257751464844, 57.769927978515625], "outstretched": [1]}, "3": {"pos": [479.7142639160156, 350.46710205078125, 80.4808349609375], "velocity": [288.28656005859375, 491.4869079589844, 59.5728874206543], "outstretched": [1]}, "4": {"pos": [476.680908203125, 368.951171875, 73.97687530517578], "velocity": [268.53271484375, 496.57269287109375, 60.86663818359375], "outstretched": [1]}, "0": {"pos": [437.4740295410156, 294.327880859375, 63.70529556274414], "velocity": [319.0827331542969, 492.06170654296875, 54.65806579589844], "outstretched": [0]}, "1": {"pos": [472.6340026855469, 315.454833984375, 80.67028045654297], "velocity": [333.1766357421875, 472.4584655761719, 56.94179153442383], "outstretched": [1]}}, "pinch": [0.0], "finger_count": [4], "pry": [3.077166795730591, 72.3737564086914, 14.499126434326172], "sphere": {"pos": [88.87994384765625, 340.8260498046875, 68.98653411865234], "radius": [195.98065185546875]}, "pos": [455.6461486816406, 334.982177734375, 54.70506286621094], "direction": [101.74345397949219, 3.077166795730591, 14.499126434326172], "grab": [0.0], "confidence": [0.900473952293396]}}}}