{"/": {"hand": {"1": {"finger": {"2": {"pos": [422.82763671875, 324.6858215332031, 86.45458984375], "velocity": [228.72975158691406, 458.46978759765625, 53.55123519897461], "outstretched": [1]}, "3": {"pos": [449.44976806640625, 350.1622314453125, 83.84942626953125], "velocity": [273.2579040527344, 471.3158264160156, 54.90825653076172], "outstretched": [1]}, "4": {"pos": [437.2718505859375, 369.6341552734375, 77.34523010253906], "velocity": [298.4640197753906, 470.868408203125, 55.46238327026367], "outstretched": [1]}, "0": {"pos": [415.1661682128906, 288.16021728515625, 65.52983856201172], "velocity": [697.83447265625, 353.600341796875, 33.373748779296875], "outstretched": [1]}, "1": {"pos": [428.2728576660156, 314.850341796875, 83.74102783203125], "velocity": [246.68907165527344, 459.4790954589844, 53.29500198364258], "outstretched": [1]}}, "pinch": [0.0], "finger_count": [5], "pry": [3.28165340423584, 71.6738052368164, 9.01331615447998], "sphere": {"pos": [247.24203491210938, 332.4233093261719, 68.43936157226562], "radius": [104.4848403930664]}, "pos": [420.38958740234375, 334.62420654296875, 57.75467300415039], "direction": [109.87372589111328, 3.28165340423584, 9.01331615447998], "grab": [0.0], "confidence": [0.33403515815734863]}}}}