{"/": {"hand": {"1": {"finger": {"2": {"pos": [484.628662109375, 327.4659423828125, 79.99188232421875], "velocity": [461.769775390625, 572.1898803710938, 56.41225814819336], "outstretched": [1]}, "3": {"pos": [510.06536865234375, 343.09979248046875, 76.90365600585938], "velocity": [416.7292175292969, 576.7888793945312, 56.57321548461914], "outstretched": [1]}, "4": {"pos": [533.28662109375, 357.990966796875, 70.05616760253906], "velocity": [339.5027160644531, 583.9080810546875, 56.249820709228516], "outstretched": [1]}, "0": {"pos": [426.1976318359375, 288.1336669921875, 61.34622573852539], "velocity": [512.5372314453125, 553.2125854492188, 56.68701171875], "outstretched": [0]}, "1": {"pos": [462.277587890625, 307.51593017578125, 77.97709655761719], "velocity": [533.4876708984375, 549.9157104492188, 57.369972229003906], "outstretched": [1]}}, "pinch": [0.0], "finger_count": [4], "pry": [1.2302576303482056, 47.792320251464844, 6.801720142364502], "sphere": {"pos": [127.9342041015625, 428.5035705566406, 56.89844512939453], "radius": [220.53103637695312]}, "pos": [499.7332763671875, 314.688232421875, 51.7257194519043], "direction": [100.20683288574219, 1.2302576303482056, 6.801720142364502], "grab": [0.0], "confidence": [0.9726459383964539]}}}}