{"/": {"hand": {"1": {"finger": {"2": {"pos": [540.4627685546875, 400.6958312988281, 75.01211547851562], "velocity": [-763.83935546875, 509.2411804199219, -53.965187072753906], "outstretched": [1]}, "3": {"pos": [544.409423828125, 422.548583984375, 69.052001953125], "velocity": [263.35528564453125, 426.49365234375, -49.16267395019531], "outstretched": [0]}, "4": {"pos": [504.3738098144531, 430.63763427734375, 62.41122817993164], "velocity": [847.073486328125, 471.3871154785156, -8.186893463134766], "outstretched": [0]}, "0": {"pos": [460.1897277832031, 383.0921936035156, 63.8410758972168], "velocity": [699.4423217773438, 587.1044311523438, 23.013246536254883], "outstretched": [0]}, "1": {"pos": [565.245849609375, 369.1243591308594, 76.89598083496094], "velocity": [289.6632080078125, 694.7916259765625, 1.4488487243652344], "outstretched": [1]}}, "pinch": [0.41338083148002625], "finger_count": [2], "pry": [-10.352933883666992, 67.66441345214844, 18.103973388671875], "sphere": {"pos": [536.9247436523438, 393.23846435546875, 60.68229675292969], "radius": [48.04363250732422]}, "pos": [551.084228515625, 374.456787109375, 52.167232513427734], "direction": [60.803741455078125, -10.352933883666992, 18.103973388671875], "grab": [0.4261913001537323], "confidence": [0.5621249675750732]}}}}