{"/": {"hand": {"1": {"finger": {"2": {"pos": [485.79779052734375, 333.41778564453125, 78.92269134521484], "velocity": [398.466064453125, 487.2640686035156, 50.53942108154297], "outstretched": [1]}, "3": {"pos": [536.4603271484375, 345.08770751953125, 75.13078308105469], "velocity": [406.40924072265625, 486.3564453125, 50.86012268066406], "outstretched": [1]}, "4": {"pos": [597.7725830078125, 354.1617431640625, 66.5874252319336], "velocity": [402.4353332519531, 492.8996276855469, 49.95562744140625], "outstretched": [1]}, "0": {"pos": [335.3705139160156, 296.583251953125, 58.990150451660156], "velocity": [397.7106018066406, 472.5377502441406, 49.8242301940918], "outstretched": [1]}, "1": {"pos": [413.5627746582031, 323.619873046875, 76.64385223388672], "velocity": [395.8630676269531, 480.08349609375, 50.75114059448242], "outstretched": [1]}}, "pinch": [0.0], "finger_count": [5], "pry": [-2.6890578269958496, 13.498252868652344, 2.384065628051758], "sphere": {"pos": [263.18536376953125, 539.0695190429688, 48.24453353881836], "radius": [257.4541320800781]}, "pos": [481.887939453125, 308.983154296875, 50.968387603759766], "direction": [41.55509567260742, -2.6890578269958496, 2.384065628051758], "grab": [0.0], "confidence": [1.0]}}}}